commit,committed_at_utc,subject,reachable_from_published_main_at_stop,rationale
a52824b5eefc82daa2a9f419393a551295ef0298,2026-09-20 23:50:46,Specify the complete Decision API product and delivery plan,True,Translate the requested product parity into a public spec and issue-sized delivery plan. Specification work did not implement the backlog.
db22fead007a3bffd43842bdd7639b270da4b732,2026-09-21 02:13:16,Define Coder as the flagship Decision Router consumer,True,"Describe how Coder should exercise the Decision Router and identify missing dependencies. This set the target, not release evidence."
6fdb018f111a493d30f0b5c7a548c95b883438c8,2026-09-21 03:17:04,Add a tested runbook for supervised Coder delegation to Devin,False,"Make local and hosted delegation reproducible, including credentials, relay setup, smoke tests, and supervision. The second hash updates the integrated version; it is not a second runbook delivered."
f7e55a727e97ff76ff272b9760c680adf5f6fc3e,2026-09-21 03:17:04,Add a tested runbook for supervised Coder delegation to Devin,False,"Make local and hosted delegation reproducible, including credentials, relay setup, smoke tests, and supervision. The second hash updates the integrated version; it is not a second runbook delivered."
1e84bb108a5c03f1d865bbcf12d9572f282e5eb5,2026-09-21 03:22:31,Add a tested runbook for supervised Coder delegation to Devin,True,"Make local and hosted delegation reproducible, including credentials, relay setup, smoke tests, and supervision. The second hash updates the integrated version; it is not a second runbook delivered."
2d0cc96f96304fc6bccbd0523ac1c2c8dad6bf26,2026-09-21 03:44:41,Refill delegation slots as individual tasks finish,True,Remove batch-wide waiting so a free executor slot can take the next task. This improved scheduling mechanics without proving issue completion.
3fd53030d11e53b896a555567cda3d8d78988990,2026-09-21 03:55:17,Add coder-scheduler: the deterministic backlog-scheduling core,False,"Move readiness, dependencies, claims, and resource bounds into deterministic Rust scheduling instead of agent judgment. This was enabling infrastructure."
4c0cb67e0bcbb0ff0020a8b062ec0bfcf955c64f,2026-09-21 03:56:30,Add coder-scheduler: the deterministic backlog-scheduling core,False,"Move readiness, dependencies, claims, and resource bounds into deterministic Rust scheduling instead of agent judgment. This was enabling infrastructure."
b73038c5b59999f214aeae32baeac59a1091a9cf,2026-09-21 03:57:45,Add coder-scheduler: the deterministic backlog-scheduling core,True,"Move readiness, dependencies, claims, and resource bounds into deterministic Rust scheduling instead of agent judgment. This was enabling infrastructure."
5de4418e89d7c2c39ba3316a36951bb4eea61456,2026-09-21 04:04:59,Preserve the bounded program-authority draft for integration review,False,Retain the delegated authorization draft for review and integration. Preservation prevented loss but did not mean acceptance.
64986666f6bf5b35d5794fb065b8b8e6e651b693,2026-09-21 04:05:00,Preserve the bounded tracker-intake draft for integration review,False,Retain the delegated tracker-intake draft for review and integration. It still needed host validation.
aa94cba091b8d090c99ade34bf348c3c292a9eb7,2026-09-21 04:05:00,Preserve the bounded program-authority draft for integration review,True,Retain the delegated authorization draft for review and integration. Preservation prevented loss but did not mean acceptance.
b4cc74a736c0f26242fb2e1fc052244c0d6176ce,2026-09-21 04:05:00,Preserve the bounded tracker-intake draft for integration review,True,Retain the delegated tracker-intake draft for review and integration. It still needed host validation.
a0a71cf1cd3d387602a2299391db9ac7de7ede7d,2026-09-21 04:29:25,Integrate scoped project intake and durable Coder delegation,True,Connect project intake to durable claims and Coder execution so the backlog could drive dispatch. Integration and recovery consumed time before issue delivery.
b5a70217515a33bb91771fea7aaade4b72209551,2026-09-21 04:29:25,Merge remote-tracking branch 'origin/main' into codex/coder-devin-runbook,True,Bring concurrently published main changes into the integration checkout. These merge commits synchronize history; they are not new features.
00a3e990d0a1fbde5e2cf94aeb72ccb4e002933b,2026-09-21 04:35:48,Record project supervisor benchmarks and live queue evidence,True,"Publish scheduler simulations and live queue observations so readiness claims had evidence. These measured the harness, not completed product issues."
ac7d5427af0a051523c1976563d4f9b852fe191a,2026-09-21 04:37:34,Track dynamic program authorization with the shared client,True,Record remaining dynamic authorization work rather than presenting the current shared client as complete. Documentation exposed an outstanding boundary.
a1ec53d2545336948c9ea62ff253d099e3711adb,2026-09-21 04:42:22,Use an open verification issue in the project supervisor example,True,"Correct a stale example to reference an open verification issue. This was a small documentation repair, not new capability."
cb95ea3212caabad50174d53e60ba2969c6115ef,2026-09-21 04:48:51,Add the classification envelope's first bounded slice,False,Establish the bounded classification request envelope and planning rules. This left runtime behavior and other acceptance items outstanding.
94c2187a7960844daa00ff2ced1e4430a21b4b92,2026-09-21 04:49:56,Specify the relay decision-job contract (proposed),False,Define the proposed relay wire contract before implementation. A protocol proposal alone could not complete the transport issue.
dcb62a9703f766dd08183b3fba1dcf4919e26a57,2026-09-21 04:51:26,tenancy: add the backend capability record,False,"Give discovery and admission a typed backend-capability record. This was a foundation, not live capability proof."
839d8cf4086b8376fdc19a10a7eb087d72a2265b,2026-09-21 05:02:52,Bind retained artifacts to bounded host verification checks,True,"Require host checks tied to retained artifacts rather than trusting an executor's success message. Necessary for trustworthy acceptance, but another harness increment."
7867a09e919422bb836ce48f9d969ba553ba5c92,2026-09-21 05:05:58,Add the classification envelope's first bounded slice,True,Establish the bounded classification request envelope and planning rules. This left runtime behavior and other acceptance items outstanding.
86c8efea663d0609dd57ef4379f5b553a3f331a7,2026-09-21 05:05:58,Specify the relay decision-job contract (proposed),True,Define the proposed relay wire contract before implementation. A protocol proposal alone could not complete the transport issue.
baece84cfefed901afcb390c9e36f315a8f7468a,2026-09-21 05:05:58,tenancy: add the backend capability record,True,"Give discovery and admission a typed backend-capability record. This was a foundation, not live capability proof."
81ae574bcedb572530be1a2291d7f2021186d52d,2026-09-21 05:09:02,Require explicit backend limits and bind relay cancellation to its caller,True,Fail closed on undeclared backend limits and prevent cancellation by a different caller. These corrected admission and ownership gaps in the initial slices.
e85b0d1e9ac3260f9380e3da67610e9b1430756b,2026-09-21 05:22:01,Add durable workspace holds and fixed-point monetary accounting,True,Represent workspace spending with durable reservations and fixed-point amounts. Ledger support alone did not finish gateway charging integration.
823006f7d61f6fcbeff1775a0d64048231915e99,2026-09-21 05:23:57,Correct the NIP-44 padding property at power-of-two boundaries,True,Correct an erroneous NIP-44 padding property exposed by the gate at a power-of-two boundary. This was gate-unblocking regression repair outside the active feature.
b1df4df7f9bd84ee6bfdd57a46da66ad489fea4f,2026-09-21 05:33:30,Support explicit credential-free loopback decision clients,True,Allow explicitly configured local loopback decision services without manufacturing bearer credentials. This enabled local dogfooding but not the whole client issue.
5684a2409b2ed8a51d5df4c244254ed8ce9bea12,2026-09-21 05:34:57,Run a pinned suite through the host verification path,False,Connect pinned suite execution to bounded host verification. The first path still needed CLI and Gym adapter integration.
764832e90a2cb2841e99b738983d372667be4663,2026-09-21 05:38:38,nostr: add the pure NIP-CJ decision-job protocol layer,False,Implement pure decision-job protocol encoding and validation for the relay lane. The worker execution path remained separate.
9c9c30f34487072b0dcc1a69f219b36922f36c1b,2026-09-21 05:42:13,Run a pinned suite through the host verification path,True,Connect pinned suite execution to bounded host verification. The first path still needed CLI and Gym adapter integration.
7c75e4f9448d6ea27fdb39b4aa362bdc86b42d34,2026-09-21 05:44:17,Preserve classification draft from timed-out delegation for review,False,Save a timed-out classification draft before inspecting it. The timeout was not successful delivery; later commits repaired and tested the draft.
e60dd2512f70253fa5634b4ddee6ed43094a8b9a,2026-09-21 05:52:33,Expose bounded suite verification through the project CLI,True,Make bounded suite checks accessible through the project CLI. This exposed existing verification work rather than finishing every verification backend.
8dd1a79e95baffb3158cb39411f66ab277bfefd2,2026-09-21 05:54:07,nostr: add the pure NIP-CJ decision-job protocol layer,True,Implement pure decision-job protocol encoding and validation for the relay lane. The worker execution path remained separate.
417df7cb8e18006a7e575691df4617c4ab05858a,2026-09-21 06:05:25,Bound classification responses and preserve incomplete accounting,False,Cap backend responses and preserve incomplete or unknown usage rather than declaring successful accounting. This repaired the recovered classification draft.
48fe38075147752d1a3025fdf486d84721efa11d,2026-09-21 06:05:30,Bind relay receipts to sealed request and attempt identities,True,Tie relay receipt claims to their request and attempt so unrelated evidence could not be substituted. Protocol integrity did not establish a running decision worker.
1c445e2488cc11f1d94c85c448416bd3aaeeaf67,2026-09-21 06:05:40,Bound classification responses and preserve incomplete accounting,True,Cap backend responses and preserve incomplete or unknown usage rather than declaring successful accounting. This repaired the recovered classification draft.
e1275d9b405bfbd073a2c1614e39443716ba0419,2026-09-21 06:05:40,Preserve classification draft from timed-out delegation for review,True,Save a timed-out classification draft before inspecting it. The timeout was not successful delivery; later commits repaired and tested the draft.
17f1ea84951979841500ebc9a3abd2a1fd4bb0cc,2026-09-21 06:16:36,Verify classification outcomes through the native answer contract,True,Check classification output against native answer semantics instead of accepting arbitrary backend JSON. This strengthened the facade's contract evidence.
9dd4ddab67485df8db75fdacc5c52f1d19cd414b,2026-09-21 06:16:50,Merge remote-tracking branch 'origin/main' into codex/coder-devin-runbook,True,Bring concurrently published main changes into the integration checkout. These merge commits synchronize history; they are not new features.
07d7c1c31ba2996f6cbee43813b84d434c3a3ad8,2026-09-21 06:29:33,Share explicit decision profiles across Coder callers,True,Reuse explicit decision profiles across headless and terminal callers. It reduced divergent client behavior but left broader decision-site adoption open.
cf8bb31053ce8b618cc3439f3f061bde066781c7,2026-09-21 06:29:48,Merge remote-tracking branch 'origin/main' into codex/coder-devin-runbook,True,Bring concurrently published main changes into the integration checkout. These merge commits synchronize history; they are not new features.
1b12564be3b226c518f6e8ba58344ad2efb59269,2026-09-21 06:36:46,Name the program scoreability check without implying calibration,True,Remove a calibration implication from a scoreability check's name. A terminology correction avoided claiming evidence the check did not provide.
9d78ef75443d10ba3cb4de3195c83968481eb72c,2026-09-21 06:42:04,Add binary filtering and rubric ranking to classification,False,Add binary Noul filtering and rubric Score ranking to the facade. These completed modes while leaving other classification acceptance items unfinished.
aea9528956192548f6abf9d15fe8a5630b3aa995,2026-09-21 06:43:05,Bound repository context capture and preserve UTF-8 excerpts,True,Bound repository excerpts and keep valid UTF-8 at truncation boundaries. This protected context capture but did not complete end-to-end repository evidence use.
5cc0d33babf8636aa15d88c74cb29541694f4ec9,2026-09-21 06:43:07,Add binary filtering and rubric ranking to classification,True,Add binary Noul filtering and rubric Score ranking to the facade. These completed modes while leaving other classification acceptance items unfinished.
99ef9ac15025046b452d33d19491c58f02000bcf,2026-09-21 06:58:28,Verify classification ranking ties and invalid rubric answers,True,Test ranking ties and malformed rubric answers to pin deterministic selection and refusal behavior. These were meaningful contract regressions for the new modes.
f5f9645da49776f5c6729a279c17b519a22519fd,2026-09-21 06:58:28,Stage referenced backup blobs before archiving concurrent mutations,True,Stage backup blobs before concurrent changes could invalidate archive references. This fixed a failing gate dependency; it was not Decision Router feature progress.
b0cbef7aca4832d9b4b08cb5ea2ca0acc7a39d76,2026-09-21 07:10:21,Measure pinned Gym suites through the approved verification adapter,True,"Execute pinned Gym suites through an approved adapter instead of implying all suite families were available. This advanced verification integration, with explicit limitations."
b82b0206cf130470b2ca4a6a21474c4e57679ce2,2026-09-21 07:10:22,Merge remote-tracking branch 'origin/main' into codex/gym-suite-adapter,True,Reconcile the Gym adapter checkout with concurrently updated main. The merge itself added no independent product capability.
313c66eee32e8ec8de0a5644aed111ec1096521b,2026-09-21 07:33:14,Record bounded repository excerpts with source identities,True,Attach source identity to bounded excerpts so later decisions could explain which repository material they used. This was one part of the evidence chain.
17e4bb1006a0d743e281094c4f4cd2a3e929c88f,2026-09-21 07:33:26,classify: per-unit label counts and declared-cut uncertainty flags,True,Expose aggregate label counts and caller-declared uncertainty cuts. This supported consumers without asking an agent to recount results.
63e9bc20af059a57b73e4816e6ebd4d6b4b652f8,2026-09-21 07:33:26,classify: aggregate tests and HTTP contract documentation,True,Test aggregate semantics and document the HTTP shape. These checks supported the preceding implementation rather than a separate completed issue.
c8c80d02f686919f075b77cfbe6eefff98c51b98,2026-09-21 07:33:26,classify: compute the binary selection once; fix an `unevaluated` claim,True,Compute binary selection once and correct an unsupported unevaluated claim. This cleaned up duplicated logic and inaccurate reporting in the aggregate work.
b5fc8d24536cdd6695c8bca5beb81da19852bbf8,2026-09-21 07:38:07,Bind generation traces to captured repository evidence,False,"Carry captured source evidence into generation traces. This closed a missing connection between capture and attribution, while the wider context workflow remained open."
c8cc1709b28a2ea3d4bbadba90ecf353e47e29dd,2026-09-21 07:40:37,Bind generation traces to captured repository evidence,True,"Carry captured source evidence into generation traces. This closed a missing connection between capture and attribution, while the wider context workflow remained open."
a274d37bf5bb99a11594a6fd7e5d11cadbc991d7,2026-09-21 07:43:34,Update verification coverage for the shipped Gym adapter,False,Update documentation to describe the actual shipped Gym adapter. This prevented stale coverage claims after implementation.
930322b2f7de84ecfa4a99d0c781904554513f13,2026-09-21 07:44:20,Use a blocking accepted socket in the local decision fixture,True,Fix the local fixture's accepted socket mode so a test did not fail on nonblocking reads. This was test infrastructure repair during a gate.
db6d78f53781bb8f50c1d628bee372b688512681,2026-09-21 07:44:20,Update verification coverage for the shipped Gym adapter,True,Update documentation to describe the actual shipped Gym adapter. This prevented stale coverage claims after implementation.
840c2c07a48d697f01982e75bb37fdf053696e2c,2026-09-21 07:46:30,Document captured context traces and current suite support,False,Align context-trace and suite-support documentation with the current code. Another prose correction after adjacent implementation changes.
e7efc661a2110f1898567c465e7843e57bf52223,2026-09-21 07:48:25,Document captured context traces and current suite support,True,Align context-trace and suite-support documentation with the current code. Another prose correction after adjacent implementation changes.
c8255721b5f8d77617ea533a6eb7c7d2ccfecfae,2026-09-21 07:50:17,tenancy: workspace membership and authorization core,True,Add workspace membership and authorization primitives to tenancy. Gateway enforcement and provisioning hardening still remained.
e852a0a003b45621f45d41f046302b1de8c6d5f5,2026-09-21 07:58:04,Harden workspace provisioning and membership persistence,True,Repair provisioning and persistence boundaries in the delegated membership implementation. This was host follow-up to incomplete integration quality.
221c7c027b750b64a2eb28a26a72c3bf04eb9855,2026-09-21 08:06:06,gateway: bounded per-item scheduling for POST /v1/classify,False,"Schedule per-input classification forwards with bounded concurrency. This implemented host fan-out, not efficient model packing."
da31a30bb198eeb3a2a8ff866a854bb6404b3e1a,2026-09-21 08:06:06,docs: the classify scheduling contract and its measured fixture,False,Document scheduler behavior and synthetic fixture measurements without converting them into production throughput claims.
dc7564d17c83eb5df358619842c0caf1fdb4981e,2026-09-21 08:08:19,Authenticate workspace membership against the key tenant,True,Bind membership checks to the authenticated key tenant. This prevented cross-tenant authority from being inferred from an unrelated workspace identifier.
425034b26f5d3a0f09131a21e6958b48f077bb77,2026-09-21 08:09:03,Bound queued classification inputs and use one execution deadline,False,Bound queued inputs and share one execution deadline so queued work could not multiply the requested runtime. This repaired the initial scheduler's resource semantics.
1784ebe90e5cd16f54883a7a691c243a286857ff,2026-09-21 08:09:17,gateway: bounded per-item scheduling for POST /v1/classify,True,"Schedule per-input classification forwards with bounded concurrency. This implemented host fan-out, not efficient model packing."
47a09d457e7bc62f00d570f518aef10cf5c7f5ba,2026-09-21 08:09:17,Bound queued classification inputs and use one execution deadline,True,Bound queued inputs and share one execution deadline so queued work could not multiply the requested runtime. This repaired the initial scheduler's resource semantics.
ac507233a4b0e2dd1c686768403ca66f727ccaf8,2026-09-21 08:09:17,docs: the classify scheduling contract and its measured fixture,True,Document scheduler behavior and synthetic fixture measurements without converting them into production throughput claims.
b10e32fa35e07c6ca04dd61046cd7f6bee47d21d,2026-09-21 08:17:22,Enforce optional workspace membership at gateway admission,True,Apply optional workspace membership in gateway admission. This connected tenancy primitives to requests but did not complete all workspace product features.
c72162e3b3b569bc6bd0e6342822cf25ad02b81e,2026-09-21 08:17:22,Clarify scheduling fixture latency coverage,True,Clarify what the scheduling latency fixture actually measured. Synthetic timing was not backend-quality or production-speed evidence.
908b0b1a60f1c187ffb913bf998f72aefbe135f1,2026-09-21 08:29:15,Publish configured classification limits in model discovery,True,Expose configured classification bounds before a caller submits work. This advanced discovery while total expanded context limits remained unfinished.
1a77d4f6ecd81e54af7299f06bf950aa6a12aa7a,2026-09-21 08:31:14,Preserve incomplete review workflow after executor deadline,False,Preserve the review-workflow draft after its executor deadline. The retained artifact required host repairs and was not an accepted completion.
1c023d42723ef41e052695b901fe738f9c98cf14,2026-09-21 08:32:49,Preserve incomplete review workflow after executor deadline,True,Preserve the review-workflow draft after its executor deadline. The retained artifact required host repairs and was not an accepted completion.
86654843fedbbeadeb92ee7fe52cc6215334f9db,2026-09-21 08:39:40,Repair review evidence parsing and preserve unanswered findings,True,Repair review evidence parsing and retain unanswered findings rather than treating missing answers as approval. This corrected the recovered workflow.
8b3231680d9326dab1a2bd9f932c9a757947d8fa,2026-09-21 08:39:40,Format recovered review question templates,True,"Format recovered question templates to meet repository formatting requirements. It changed presentation, not review policy."
c3d654f8532cdf1a9140c3a3bd609006e356a46e,2026-09-21 08:46:48,Run pinned artifact reviews through the Coder program harness,True,Run reviews through the same pinned Coder program machinery used by other workflows. This connected the repaired reviewer to the harness.
777617e0d48be650e0106e1a8fb48d1a55547f56,2026-09-21 08:51:34,Preserve incomplete candidate admission after executor deadline,False,"Preserve the incomplete admission draft after timeout, including its source and integration copies. Recovery was necessary, but exposed delegation's failure to return finished work."
dd1d9b1d7c5e9d4b48c24965581574bc81c60463,2026-09-21 08:53:28,Preserve incomplete candidate admission after executor deadline,False,"Preserve the incomplete admission draft after timeout, including its source and integration copies. Recovery was necessary, but exposed delegation's failure to return finished work."
45a6e200978fa105b98341c4681e5fabcbf70892,2026-09-21 09:01:21,Format recovered admission commands and manifest fields,False,Format recovered admission CLI and manifest code separately from behavioral repair. This addressed mechanical gate requirements.
8a924ac8ef022c14f93233754ef312593eb4c1fa,2026-09-21 09:02:45,Require native evidence replay and serialize candidate activation,False,Replay native evidence and serialize activation so admission could not rely on unchecked claims or race another activation.
e23730d7cf1bf822d5814061f8ee1424c769db8c,2026-09-21 09:03:09,Preserve incomplete classification callers after executor deadline,False,Preserve timed-out classification caller work for independent repair. A saved draft was not CLI/MCP acceptance.
ed9c2da58236eb9b0611c519176ee9e4a8fa4393,2026-09-21 09:03:21,Preserve incomplete classification callers after executor deadline,False,Preserve timed-out classification caller work for independent repair. A saved draft was not CLI/MCP acceptance.
25fbfb264cdd8c24e7baec2282440f765b5e47f9,2026-09-21 09:04:54,Format recovered classification caller implementation,False,Format the recovered caller implementation. This was mechanical integration work after delegation.
f8ba9b8df5d96829f5ab098c196cafc2b158ec0d,2026-09-21 09:04:54,Repair classification fixture score types and distributions,False,Correct score fixture types and probability distributions so tests exercised the real native contract rather than invalid examples.
5411e0547136e662c011ebd860aec601b86c34d1,2026-09-21 09:13:45,Verify classification CLI and MCP parity with bounded retries,True,Verify CLI/MCP classification parity and retry bounds against gateway behavior. These checks supported caller compatibility for the facade.
5891ff7254a187f79c759b91903f69432262d4a4,2026-09-21 09:13:45,Repair classification fixture score types and distributions,True,Correct score fixture types and probability distributions so tests exercised the real native contract rather than invalid examples.
6526cd2e5fb31ed0d67e05fb67ba46caf76f5c40,2026-09-21 09:13:45,Verify classification CLI and MCP parity with bounded retries,False,Verify CLI/MCP classification parity and retry bounds against gateway behavior. These checks supported caller compatibility for the facade.
a7bf2e6673cc7e5d2b5b960c964e7c592729e198,2026-09-21 09:13:45,Preserve incomplete classification callers after executor deadline,True,Preserve timed-out classification caller work for independent repair. A saved draft was not CLI/MCP acceptance.
d5d9609cfccf6c80f0054851b9178f9f35a00ca6,2026-09-21 09:13:45,Format recovered classification caller implementation,True,Format the recovered caller implementation. This was mechanical integration work after delegation.
845bf7116bfd0da0e1eaacdeb830de095eaf6565,2026-09-21 09:14:53,Keep caller admission fixtures within strict Clippy bounds,True,Refactor caller admission fixtures to satisfy strict Clippy. This was a small gate failure repair after integration.
dc28acd41ed674ac6b7b276a8f04dde191c10747,2026-09-21 09:24:06,Reject repeated locked exposure and incomplete transfer coverage,False,Reject reuse of locked evaluation exposure and incomplete transfer evidence. This tightened admission against evidence leakage and coverage gaps.
e24151e706fda0a9b245df962bc90d7f75be2b5d,2026-09-21 09:26:20,Revalidate admission suites and require declared question pins,False,Reload and validate suites and require question pins rather than trusting a previously loaded description. This made admission evidence reproducible.
5b95e2f6352648339561b761f342010b1e6ab9ec,2026-09-21 09:28:48,Require full coverage for every declared admission seed block,False,Require coverage for every declared seed block so a partial run could not masquerade as full admission evidence.
dbd6ae322490029440a7d94a30be6c8dc23c15a5,2026-09-21 09:29:48,Preserve monetary gateway delegation artifact for independent review,False,Save the monetary gateway artifact for independent review. Subsequent duplicate-dispatch and release repairs demonstrate that preservation was not acceptance.
74bde0cafc90e26b9aa227bbc4aa54ff4676d089,2026-09-21 09:31:08,Refuse duplicate monetary dispatch and preserve original reservations,False,Reject duplicate monetary dispatch without overwriting original reservations. This fixed retry behavior that could otherwise spend or account twice.
a1801575bb788524c43c641a60423484b61bb5e7,2026-09-21 09:32:37,Report the actual monetary release result,False,Report the actual hold-release outcome rather than implying release always succeeded. This corrected operator-visible accounting evidence.
a1e614882027976dd5530c66ff4a766d6af264ce,2026-09-21 09:32:44,Refuse duplicate monetary dispatch and preserve original reservations,True,Reject duplicate monetary dispatch without overwriting original reservations. This fixed retry behavior that could otherwise spend or account twice.
a810d2c9df1909c894939ad4c9693dd64bb0d543,2026-09-21 09:32:44,Preserve monetary gateway delegation artifact for independent review,True,Save the monetary gateway artifact for independent review. Subsequent duplicate-dispatch and release repairs demonstrate that preservation was not acceptance.
cb736e04f203757c63dd8ef92bcdabb24a0f17cb,2026-09-21 09:32:44,Report the actual monetary release result,True,Report the actual hold-release outcome rather than implying release always succeeded. This corrected operator-visible accounting evidence.
cf5e87e814f8166052539af0a476d59f6f7d77c2,2026-09-21 09:33:14,Group monetary binding identity for strict lint checks,True,Group related monetary identity fields to satisfy strict lint checks without changing the accounting policy.
4b31c69d370f55ef95bfe140dc9a7af8188f2e7d,2026-09-21 09:35:15,Test admission improvement outcomes and isolate transfer variance,False,"Exercise improvement, tie, and failure outcomes and separate transfer variance. This expanded admission tests toward full acceptance rather than another product surface."
f460ae219720ccc29cc05802f59530596faedf53,2026-09-21 09:36:23,Verify transfer regressions use transfer-specific variance,False,Use transfer-specific variance in regression checks. This fixed a statistical-input mismatch in admission evaluation.
587fa62fc8f1b6d711916427083452c418de2af9,2026-09-21 09:37:47,Keep unknown admission cost and incomplete timing evidence explicit,False,Keep missing cost and timing evidence unknown instead of converting absence into a favorable result. This prevented unsupported admission claims.
c2e19040f404541d6d5abf8b657cd80818c74f8a,2026-09-21 09:39:06,Require a retained development commitment for admission CLI,False,Require a retained development commitment before admission CLI use. This preserved separation between development selection and locked evaluation.
65286c89735e71fdbaf1af3963e4422a9fe611b9,2026-09-21 09:42:07,Verify admission report chains and retained selections,False,Verify retained report chains and selections so admission referenced the actual recorded evidence.
0d6764a889c87c33080b753845680237dae8ff54,2026-09-21 09:43:41,Require retained reports in the admission evaluator,False,"Require retained reports in the evaluator itself, not only in an outer caller. This closed an enforcement bypass."
cac7ecfc99c3cfac15437fe3a4a13a3c5d3677ef,2026-09-21 09:45:14,Pass retained locked and transfer reports through admission CLI,False,Pass locked and transfer reports through the CLI so the stricter evaluator could be used end to end.
e1349a9420dcce2705798a4d4c0d66d85106667a,2026-09-21 09:47:37,Exercise complete retained-evidence admission and failure controls,False,Exercise a complete retained-evidence path and its failure controls. This moved admission toward an issue-level acceptance proof.
6d86197d54e53fc6c47d199807267f9ff2640cf5,2026-09-21 09:48:53,Verify admitted activation preserves tenancy and supports rollback,False,Verify activation preserves tenant authority and supports rollback. This covered deployment behavior beyond the admission calculation.
7348c9faba774dc6244cffaa4b4b3bad54d55fbb,2026-09-21 09:50:36,Accept explicit deployment evidence and document candidate admission,False,Accept explicit deployment evidence and explain the admission procedure. This connected implementation and the operator's release steps.
ae722bfe1dd5e1586ee125ce4e6c96f2952b50fa,2026-09-21 09:51:27,Assert family regression and artifact drift refuse admission,False,Assert family regressions and artifact identity drift refuse admission. These were negative controls for the completed admission path.
105f16c149d15cc5bdb88d5dbd849237bbabd4ff,2026-09-21 09:51:36,Preserve incomplete candidate admission after executor deadline,True,"Preserve the incomplete admission draft after timeout, including its source and integration copies. Recovery was necessary, but exposed delegation's failure to return finished work."
09e2aac97edb7c98cf8b868909b6f282d4807d4c,2026-09-21 09:51:37,Verify admitted activation preserves tenancy and supports rollback,True,Verify activation preserves tenant authority and supports rollback. This covered deployment behavior beyond the admission calculation.
15b72c6cd42d08d5fd372ca5bb87a649652d0dca,2026-09-21 09:51:37,Accept explicit deployment evidence and document candidate admission,True,Accept explicit deployment evidence and explain the admission procedure. This connected implementation and the operator's release steps.
1b149d86ded85207af770c571cf4f38b87039bee,2026-09-21 09:51:37,Format recovered admission commands and manifest fields,True,Format recovered admission CLI and manifest code separately from behavioral repair. This addressed mechanical gate requirements.
207dd7a36d1b0225e56150608bdbe8d4aa6302e1,2026-09-21 09:51:37,Revalidate admission suites and require declared question pins,True,Reload and validate suites and require question pins rather than trusting a previously loaded description. This made admission evidence reproducible.
325beda15ffacab9ab5d438d53f4749dcf105a61,2026-09-21 09:51:37,Pass retained locked and transfer reports through admission CLI,True,Pass locked and transfer reports through the CLI so the stricter evaluator could be used end to end.
6042ccbc182ad3ce17281902c05122bbd40b4b22,2026-09-21 09:51:37,Verify transfer regressions use transfer-specific variance,True,Use transfer-specific variance in regression checks. This fixed a statistical-input mismatch in admission evaluation.
661e94927577d928c67858c5a893a67b18c80a4f,2026-09-21 09:51:37,Require a retained development commitment for admission CLI,True,Require a retained development commitment before admission CLI use. This preserved separation between development selection and locked evaluation.
6745298701c3b0925b734c4df7425aae4cebf9fd,2026-09-21 09:51:37,Verify admission report chains and retained selections,True,Verify retained report chains and selections so admission referenced the actual recorded evidence.
6d9611bc88df33f59821cb9e5930aec91b10c811,2026-09-21 09:51:37,Reject repeated locked exposure and incomplete transfer coverage,True,Reject reuse of locked evaluation exposure and incomplete transfer evidence. This tightened admission against evidence leakage and coverage gaps.
72a92657ca6a67b478dc810fccf228c0d2932918,2026-09-21 09:51:37,Exercise complete retained-evidence admission and failure controls,True,Exercise a complete retained-evidence path and its failure controls. This moved admission toward an issue-level acceptance proof.
81637669b8e5447bda061a26146b42eeb906081d,2026-09-21 09:51:37,Assert family regression and artifact drift refuse admission,True,Assert family regressions and artifact identity drift refuse admission. These were negative controls for the completed admission path.
a2216b5aac102228a072338682bf1a91c5f7e5ed,2026-09-21 09:51:37,Require full coverage for every declared admission seed block,True,Require coverage for every declared seed block so a partial run could not masquerade as full admission evidence.
c4be96c5943d9feaf2291e51ff4369b62917cdb2,2026-09-21 09:51:37,Keep unknown admission cost and incomplete timing evidence explicit,True,Keep missing cost and timing evidence unknown instead of converting absence into a favorable result. This prevented unsupported admission claims.
e9fecdfb77078d1d871528638f5d7c09e64d9095,2026-09-21 09:51:37,Require native evidence replay and serialize candidate activation,True,Replay native evidence and serialize activation so admission could not rely on unchecked claims or race another activation.
f73b57a2cc89799495e779073c70f293ad4d9cdf,2026-09-21 09:51:37,Require retained reports in the admission evaluator,True,"Require retained reports in the evaluator itself, not only in an outer caller. This closed an enforcement bypass."
faa47ee5ae4293f8a76466aa61b20654351b1c63,2026-09-21 09:51:37,Test admission improvement outcomes and isolate transfer variance,True,"Exercise improvement, tie, and failure outcomes and separate transfer variance. This expanded admission tests toward full acceptance rather than another product surface."
e875ab853148aa0728a27faa818802aa0e29b9f1,2026-09-21 09:51:54,Declare empty admission scope in gateway base fixtures,True,Update gateway fixtures with an explicit empty admission scope after the manifest contract changed. This was integration repair.
e1f7d15d2ea799a03608ae300d954b7d00534cda,2026-09-21 09:55:56,Expose admitted scope and evidence references in authorized discovery,False,Expose admitted scope and evidence references through authorized discovery so clients could inspect what had actually been admitted.
2ab3002ab29ec256d26370208dfdbdf979b66785,2026-09-21 09:56:54,Align Decision API specification with candidate admission,False,Update the Decision API spec to match the implemented admission contract rather than leave its earlier planned description.
83eeec996b289166f7a6792234ba869538f70e23,2026-09-21 09:58:55,Require development and locked coverage for every admitted family,False,Require both development and locked coverage for every admitted family. This addressed the final family-coverage acceptance gap for #9473.
12896b7f1fdcccfd9acbc818bcc1283eb158fcee,2026-09-21 10:02:29,Align Decision API specification with candidate admission,True,Update the Decision API spec to match the implemented admission contract rather than leave its earlier planned description.
7cf7e25eba5550a0c709d23f6b03a3155bc1f6d2,2026-09-21 10:02:29,Require development and locked coverage for every admitted family,True,Require both development and locked coverage for every admitted family. This addressed the final family-coverage acceptance gap for #9473.
f82ecb04c1056dcabc46967c254b7464d132c1c6,2026-09-21 10:02:29,Expose admitted scope and evidence references in authorized discovery,True,Expose admitted scope and evidence references through authorized discovery so clients could inspect what had actually been admitted.
5edbec68396598b1cd6a38972c1cb3eeb61fbcd7,2026-09-21 10:07:22,Inventory Coder decision sites and their evidence boundaries,False,"Inventory existing Coder decision sites and distinguish implemented paths from unsupported evidence claims. Useful analysis, but it expanded work in progress while classification remained open."
4654a594513a2f895b80dd9cae5988d5a519d8cf,2026-09-21 10:13:27,Inventory Coder decision sites and their evidence boundaries,True,"Inventory existing Coder decision sites and distinguish implemented paths from unsupported evidence claims. Useful analysis, but it expanded work in progress while classification remained open."
70573247960c787795fdf9cd4abc299ac2ba7e69,2026-09-21 10:20:08,Publish the classification request schema and planner fixtures,False,"Publish a versioned classification request schema and planner corpus. This covered invalid and maximum shapes, but response and cancellation evidence were still missing."
32685089462749f8c10b62b046bf757adc7da02a,2026-09-21 10:20:13,Publish the classification request schema and planner fixtures,True,"Publish a versioned classification request schema and planner corpus. This covered invalid and maximum shapes, but response and cancellation evidence were still missing."
99b740e1d8b3745a263d3bd208d9efc158633dfc,2026-09-21 10:21:28,Document complete classification refusals as reports,False,Explain that complete classification refusal can be a structured report. This corrected documentation without adding runtime behavior.
35c180c15ba89bd74f2e5e1b63e1544ac241dcee,2026-09-21 10:25:53,Document complete classification refusals as reports,True,Explain that complete classification refusal can be a structured report. This corrected documentation without adding runtime behavior.
0498b3633aba21a7f0dcb90b7cc13ff55b87eb7f,2026-09-21 10:31:37,Add the NIP-CJ decision worker lane and its protocol helpers,False,Preserve the decision worker lane and protocol helpers on a repair branch. It remained unaccepted and unpublished at the stop instruction.
95df77c09ff467afa7241d09a240cd57c06bcc17,2026-09-21 10:32:29,Serve bounded versioned documentation through MCP tools,False,"Expose bounded, versioned documentation via MCP tools. This advanced another issue before completing the active classification contract."
acb009b98c6f4f16f0a1738caf57978a45a73acb,2026-09-21 10:32:34,Serve bounded versioned documentation through MCP tools,True,"Expose bounded, versioned documentation via MCP tools. This advanced another issue before completing the active classification contract."
b07a8d467abeeb91dd6e94b58900f231f2f72b5f,2026-09-21 10:35:11,Validate documentation arguments against each tool schema,False,Reject documentation arguments outside each tool's declared schema. This repaired validation omissions after the initial MCP implementation.
d2eac198080638609eeac20088a67da292a8fb3e,2026-09-21 10:35:39,Reject null documentation arguments outside the tool schemas,False,Reject null arguments where the schemas require a different shape. This was another small follow-up validation repair before publication.
77d219883a48bb2d9add5082790560b7b515f8ee,2026-09-21 10:38:09,Clarify documentation and service tool descriptions,False,Clarify the distinction between documentation tools and live service tools. This prevented misleading interface descriptions.
735349f479254490f7d3f5dfb55e5d17e56588bb,2026-09-21 10:38:49,Validate documentation arguments against each tool schema,True,Reject documentation arguments outside each tool's declared schema. This repaired validation omissions after the initial MCP implementation.
9b7e5b12f5bedd41ecdd6116ad027dfc1bcd976d,2026-09-21 10:38:49,Reject null documentation arguments outside the tool schemas,True,Reject null arguments where the schemas require a different shape. This was another small follow-up validation repair before publication.
ea7237b9e870e9996b6d25648324c3ebe68b43d8,2026-09-21 10:38:49,Clarify documentation and service tool descriptions,True,Clarify the distinction between documentation tools and live service tools. This prevented misleading interface descriptions.
392cd4c34f1434aa6146a8fd52af2921a8e51da6,2026-09-21 10:46:03,gateway: add the opt-in review/fallback policy and audited sub-dispatch,True,"Add opt-in review and fallback with separately admitted, audited calls. This expanded classification policy scope and required substantial host hardening afterward."
4a1b137532aadef09bcc5b9ca953616de20d7e83,2026-09-21 10:46:03,gateway: test and document the review/fallback execution path,True,"Test and document review/fallback execution. These were contract fixtures, not held-out policy-quality evidence."
a32c67bf931eb3a59b66f04c5272c549883be4ea,2026-09-21 10:46:03,gateway: cover a score unit's absent review answer,True,Test absent Score review answers so review failure could not silently become a confirmed selection.
13657f869167c1058c439780aee43cbdbde27e8b,2026-09-21 10:51:26,Preserve unfinished decision worker tests and documentation after timeout,False,Save unfinished worker tests and documentation after timeout. Both source and repair-branch copies remained pending independent acceptance.
c01d08fba56b9d106f663ac30a99971ad47be8bc,2026-09-21 10:52:50,Enforce review failure bounds and bind secondary receipts to results,True,Enforce review failure bounds and bind secondary receipts to their returned results. This repaired correctness gaps in the delegated review policy.
309af43ea7f146dec6480c6938d7bfb8b9339414,2026-09-21 10:53:14,Add the NIP-CJ decision worker lane and its protocol helpers,False,Preserve the decision worker lane and protocol helpers on a repair branch. It remained unaccepted and unpublished at the stop instruction.
b0cac8713ea0d0ef6ce23386049f3408f712eec0,2026-09-21 10:53:14,Preserve unfinished decision worker tests and documentation after timeout,False,Save unfinished worker tests and documentation after timeout. Both source and repair-branch copies remained pending independent acceptance.
cbac12780037c9976f7c83243ec99903a57f9d6d,2026-09-21 11:04:17,Recheck secondary authorization and bound identity verification,True,"Reauthorize secondary calls, freeze expected identity, and bound identity reads. These repairs prevented stale authorization and deadline bypass in review/fallback."
86a16f86bce5305b5ffcb3607f08b1e2b30622da,2026-09-21 11:17:54,Publish classification response schemas and runtime fixtures,False,"Publish response schemas and real gateway fixture reports, with Jev decoding checks. Another classification acceptance increment that should have been batched with the complete corpus."
82112dbaba1ae5e0e30d6180ea258c8c1ddb26f8,2026-09-21 11:18:15,Publish classification response schemas and runtime fixtures,True,"Publish response schemas and real gateway fixture reports, with Jev decoding checks. Another classification acceptance increment that should have been batched with the complete corpus."
16e0916173585ede84628e5218f557d8898d1756,2026-09-21 11:19:45,Describe the implemented host review workflow consistently,False,"Remove stale descriptions of the already implemented review workflow. Source and cherry-picked copies are the same documentation purpose, not separate deliveries."
5637447b29f3d3bc70508a990e8f68604fb3774a,2026-09-21 11:20:42,Describe the implemented host review workflow consistently,False,"Remove stale descriptions of the already implemented review workflow. Source and cherry-picked copies are the same documentation purpose, not separate deliveries."
83f71e19e33debebb43cf55cb795302c59062fa0,2026-09-21 11:20:42,Publish classification response schemas and runtime fixtures,False,"Publish response schemas and real gateway fixture reports, with Jev decoding checks. Another classification acceptance increment that should have been batched with the complete corpus."
aed24eb3e9c0cd4bab55f6732908ee4196f101f4,2026-09-21 11:25:10,Describe the implemented host review workflow consistently,True,"Remove stale descriptions of the already implemented review workflow. Source and cherry-picked copies are the same documentation purpose, not separate deliveries."
d7f97a9e01483bf639f402d35d840c2e422bbbc0,2026-09-21 11:26:36,Constrain review and fallback response contracts with runtime fixtures,False,Extend response schemas to nested review/fallback records and fixtures. Splitting this from native schemas triggered another adjacent full-gate run.
94c371cf0b1e3ba17908dddfa1db7aa06ad9dc7e,2026-09-21 11:26:42,Constrain review and fallback response contracts with runtime fixtures,True,Extend response schemas to nested review/fallback records and fixtures. Splitting this from native schemas triggered another adjacent full-gate run.
d754af1ca0744be1622858146b71372103137afe,2026-09-21 11:31:55,Keep backend calls on their configured destination and bound identity reads,False,Disable backend redirects and bound identity responses. This closed transport destination and resource gaps discovered during review.
be087f67c5ad6e413d0f652b1cb118531ec0f282,2026-09-21 11:32:01,Keep backend calls on their configured destination and bound identity reads,True,Disable backend redirects and bound identity responses. This closed transport destination and resource gaps discovered during review.
1a2314c71309e8deb9061ccc34fb7b12f486758e,2026-09-21 11:40:54,Preserve returned worker recovery patch for independent review,False,Preserve the returned worker recovery patch for later review. It was not verified or published; the task remained unfinished when work stopped.
8daaf76fad8549b06da4eafafd4f9868b1111db2,2026-09-21 11:50:50,Audit the failure to complete project issues,True,"Record the execution failure at the user's request. The first audit was too shallow, which is why this detailed expansion is needed."
14e5921a5191bf9de0ec5c3ed4c8b5a076fa09e1,2026-09-21 12:01:53,Complete classification context bounds and cancellation evidence,False,"Complete #9482 with total native-context byte bounds, disconnect cleanup, monetary cancellation tests, and runtime fixtures. This was verified, pushed, and the issue closed before stopping."
72587db11fafe8f5984c337c2336d8bfdaf36a7f,2026-09-21 12:02:10,Complete classification context bounds and cancellation evidence,True,"Complete #9482 with total native-context byte bounds, disconnect cleanup, monetary cancellation tests, and runtime fixtures. This was verified, pushed, and the issue closed before stopping."
