run,launch_utc,log,phase,seconds,exit,evidence
G01,2026-09-21T02:51:03.306Z,delegation/manual-gate.log,Artifact acquisition tests,0.1,0,retained log
G01,2026-09-21T02:51:03.306Z,delegation/manual-gate.log,Workspace formatting,0.6,0,retained log
G01,2026-09-21T02:51:03.306Z,delegation/manual-gate.log,Default workspace Clippy,22.6,0,retained log
G01,2026-09-21T02:51:03.306Z,delegation/manual-gate.log,Feature workspace Clippy,14.3,0,retained log
G01,2026-09-21T02:51:03.306Z,delegation/manual-gate.log,Default workspace tests,169.1,0,retained log
G01,2026-09-21T02:51:03.306Z,delegation/manual-gate.log,Feature workspace tests,148.2,0,retained log
G01,2026-09-21T02:51:03.306Z,delegation/manual-gate.log,Rust 1.95 workspace check,39.4,0,retained log
G01,2026-09-21T02:51:03.306Z,delegation/manual-gate.log,Rust 1.94 Kev check,15.5,0,retained log
G01,2026-09-21T02:51:03.306Z,delegation/manual-gate.log,Dependency policy,1.3,0,retained log
G01,2026-09-21T02:51:03.306Z,delegation/manual-gate.log,PostgreSQL acceptance,13.2,101,retained log
G02,2026-09-21T03:10:18.090Z,delegation/manual-gate-final.log,Artifact acquisition tests,0.1,0,retained log
G02,2026-09-21T03:10:18.090Z,delegation/manual-gate-final.log,Workspace formatting,0.5,0,retained log
G02,2026-09-21T03:10:18.090Z,delegation/manual-gate-final.log,Default workspace Clippy,0.5,0,retained log
G02,2026-09-21T03:10:18.090Z,delegation/manual-gate-final.log,Feature workspace Clippy,0.4,0,retained log
G02,2026-09-21T03:10:18.090Z,delegation/manual-gate-final.log,Default workspace tests,62.8,0,retained log
G02,2026-09-21T03:10:18.090Z,delegation/manual-gate-final.log,Feature workspace tests,67.9,0,retained log
G03,2026-09-21T03:17:03.915Z,delegation/manual-gate-integrated.log,Artifact acquisition tests,0.1,0,retained log
G03,2026-09-21T03:17:03.915Z,delegation/manual-gate-integrated.log,Delegation evidence checks,0.6,0,retained log
G03,2026-09-21T03:17:03.915Z,delegation/manual-gate-integrated.log,Workspace formatting,0.6,0,retained log
G03,2026-09-21T03:17:03.915Z,delegation/manual-gate-integrated.log,Default workspace Clippy,6.1,0,retained log
G03,2026-09-21T03:17:03.915Z,delegation/manual-gate-integrated.log,Feature workspace Clippy,0.7,0,retained log
G03,2026-09-21T03:17:03.915Z,delegation/manual-gate-integrated.log,Default workspace tests,107.8,0,retained log
G03,2026-09-21T03:17:03.915Z,delegation/manual-gate-integrated.log,Feature workspace tests,70.5,0,retained log
G03,2026-09-21T03:17:03.915Z,delegation/manual-gate-integrated.log,Rust 1.95 workspace check,0.9,0,retained log
G03,2026-09-21T03:17:03.915Z,delegation/manual-gate-integrated.log,Rust 1.94 Kev check,0.2,0,retained log
G03,2026-09-21T03:17:03.915Z,delegation/manual-gate-integrated.log,Dependency policy,1.0,0,retained log
G03,2026-09-21T03:17:03.915Z,delegation/manual-gate-integrated.log,PostgreSQL acceptance,55.9,0,retained log
G04,2026-09-21T04:29:41.851Z,supervision/manual-gate.log,Artifact acquisition tests,0.1,0,retained log
G04,2026-09-21T04:29:41.851Z,supervision/manual-gate.log,Delegation evidence checks,0.6,0,retained log
G04,2026-09-21T04:29:41.851Z,supervision/manual-gate.log,Workspace formatting,0.6,0,retained log
G04,2026-09-21T04:29:41.851Z,supervision/manual-gate.log,Default workspace Clippy,0.7,0,retained log
G04,2026-09-21T04:29:41.851Z,supervision/manual-gate.log,Feature workspace Clippy,2.4,0,retained log
G04,2026-09-21T04:29:41.851Z,supervision/manual-gate.log,Default workspace tests,97.1,0,retained log
G04,2026-09-21T04:29:41.851Z,supervision/manual-gate.log,Feature workspace tests,99.6,0,retained log
G04,2026-09-21T04:29:41.851Z,supervision/manual-gate.log,Rust 1.95 workspace check,2.2,0,retained log
G04,2026-09-21T04:29:41.851Z,supervision/manual-gate.log,Rust 1.94 Kev check,0.1,0,retained log
G04,2026-09-21T04:29:41.851Z,supervision/manual-gate.log,Dependency policy,0.9,0,retained log
G04,2026-09-21T04:29:41.851Z,supervision/manual-gate.log,PostgreSQL acceptance,18.7,0,retained log
G05,2026-09-21T05:00:51.768Z,supervision/verification-manual-gate.log,Artifact acquisition tests,0.1,0,retained log
G05,2026-09-21T05:00:51.768Z,supervision/verification-manual-gate.log,Delegation evidence checks,0.7,0,retained log
G05,2026-09-21T05:00:51.768Z,supervision/verification-manual-gate.log,Workspace formatting,0.6,0,retained log
G05,2026-09-21T05:00:51.768Z,supervision/verification-manual-gate.log,Default workspace Clippy,3.7,0,retained log
G05,2026-09-21T05:00:51.768Z,supervision/verification-manual-gate.log,Feature workspace Clippy,3.2,0,retained log
G05,2026-09-21T05:00:51.768Z,supervision/verification-manual-gate.log,Default workspace tests,102.7,0,retained log
G05,2026-09-21T05:00:51.768Z,supervision/verification-manual-gate.log,Feature workspace tests,108.2,0,retained log
G05,2026-09-21T05:00:51.768Z,supervision/verification-manual-gate.log,Rust 1.95 workspace check,3.0,0,retained log
G05,2026-09-21T05:00:51.768Z,supervision/verification-manual-gate.log,Rust 1.94 Kev check,0.2,0,retained log
G05,2026-09-21T05:00:51.768Z,supervision/verification-manual-gate.log,Dependency policy,0.9,0,retained log
G05,2026-09-21T05:00:51.768Z,supervision/verification-manual-gate.log,PostgreSQL acceptance,19.5,0,retained log
G06,2026-09-21T05:07:26.582Z,supervision/artifact-integration-gate.log,Artifact acquisition tests,0.1,0,retained log
G06,2026-09-21T05:07:26.582Z,supervision/artifact-integration-gate.log,Delegation evidence checks,0.6,0,retained log
G06,2026-09-21T05:07:26.582Z,supervision/artifact-integration-gate.log,Workspace formatting,0.6,0,retained log
G06,2026-09-21T05:07:26.582Z,supervision/artifact-integration-gate.log,Default workspace Clippy,1.6,0,retained log
G06,2026-09-21T05:07:26.582Z,supervision/artifact-integration-gate.log,Feature workspace Clippy,1.0,0,retained log
G06,2026-09-21T05:07:26.582Z,supervision/artifact-integration-gate.log,Default workspace tests,87.6,0,retained log
G06,2026-09-21T05:07:26.582Z,supervision/artifact-integration-gate.log,Feature workspace tests,90.3,0,retained log
G06,2026-09-21T05:07:26.582Z,supervision/artifact-integration-gate.log,Rust 1.95 workspace check,1.3,0,retained log
G06,2026-09-21T05:07:26.582Z,supervision/artifact-integration-gate.log,Rust 1.94 Kev check,0.1,0,retained log
G06,2026-09-21T05:07:26.582Z,supervision/artifact-integration-gate.log,Dependency policy,0.9,0,retained log
G06,2026-09-21T05:07:26.582Z,supervision/artifact-integration-gate.log,PostgreSQL acceptance,18.9,0,retained log
G07,2026-09-21T05:20:36.759Z,supervision/money-manual-gate.log,Default workspace Clippy,2.8,0,printed records; original log overwritten
G07,2026-09-21T05:20:36.759Z,supervision/money-manual-gate.log,Feature workspace Clippy,1.3,0,printed records; original log overwritten
G07,2026-09-21T05:20:36.759Z,supervision/money-manual-gate.log,Default workspace tests,105.9,101,printed records; original log overwritten
G08,2026-09-21T05:23:57.821Z,supervision/money-manual-gate-retry.log,Artifact acquisition tests,0.1,0,retained log
G08,2026-09-21T05:23:57.821Z,supervision/money-manual-gate-retry.log,Delegation evidence checks,0.6,0,retained log
G08,2026-09-21T05:23:57.821Z,supervision/money-manual-gate-retry.log,Workspace formatting,0.6,0,retained log
G08,2026-09-21T05:23:57.821Z,supervision/money-manual-gate-retry.log,Default workspace Clippy,0.5,0,retained log
G08,2026-09-21T05:23:57.821Z,supervision/money-manual-gate-retry.log,Feature workspace Clippy,0.2,0,retained log
G08,2026-09-21T05:23:57.821Z,supervision/money-manual-gate-retry.log,Default workspace tests,120.9,0,retained log
G08,2026-09-21T05:23:57.821Z,supervision/money-manual-gate-retry.log,Feature workspace tests,130.0,0,retained log
G08,2026-09-21T05:23:57.821Z,supervision/money-manual-gate-retry.log,Rust 1.95 workspace check,2.7,0,retained log
G08,2026-09-21T05:23:57.821Z,supervision/money-manual-gate-retry.log,Rust 1.94 Kev check,0.2,0,retained log
G08,2026-09-21T05:23:57.821Z,supervision/money-manual-gate-retry.log,Dependency policy,0.9,0,retained log
G08,2026-09-21T05:23:57.821Z,supervision/money-manual-gate-retry.log,PostgreSQL acceptance,19.3,0,retained log
G09,2026-09-21T05:32:38.358Z,supervision/local-client-manual-gate.log,Artifact acquisition tests,0.1,0,retained log
G09,2026-09-21T05:32:38.358Z,supervision/local-client-manual-gate.log,Delegation evidence checks,0.6,0,retained log
G09,2026-09-21T05:32:38.358Z,supervision/local-client-manual-gate.log,Workspace formatting,0.6,0,retained log
G09,2026-09-21T05:32:38.358Z,supervision/local-client-manual-gate.log,Default workspace Clippy,16.2,0,retained log
G09,2026-09-21T05:32:38.358Z,supervision/local-client-manual-gate.log,Feature workspace Clippy,17.5,0,retained log
G09,2026-09-21T05:32:38.358Z,supervision/local-client-manual-gate.log,Default workspace tests,195.0,0,retained log
G09,2026-09-21T05:32:38.358Z,supervision/local-client-manual-gate.log,Feature workspace tests,210.5,0,retained log
G09,2026-09-21T05:32:38.358Z,supervision/local-client-manual-gate.log,Rust 1.95 workspace check,18.1,0,retained log
G09,2026-09-21T05:32:38.358Z,supervision/local-client-manual-gate.log,Rust 1.94 Kev check,0.1,0,retained log
G09,2026-09-21T05:32:38.358Z,supervision/local-client-manual-gate.log,Dependency policy,0.9,0,retained log
G09,2026-09-21T05:32:38.358Z,supervision/local-client-manual-gate.log,PostgreSQL acceptance,19.0,0,retained log
G10,2026-09-21T05:44:36.120Z,supervision/suite-integration-gate.log,Artifact acquisition tests,0.1,0,retained log
G10,2026-09-21T05:44:36.120Z,supervision/suite-integration-gate.log,Delegation evidence checks,0.6,0,retained log
G10,2026-09-21T05:44:36.120Z,supervision/suite-integration-gate.log,Workspace formatting,0.6,1,retained log
G11,2026-09-21T05:48:14.654Z,supervision/suite-integration-gate-retry.log,Artifact acquisition tests,0.1,0,retained log
G11,2026-09-21T05:48:14.654Z,supervision/suite-integration-gate-retry.log,Delegation evidence checks,0.6,0,retained log
G11,2026-09-21T05:48:14.654Z,supervision/suite-integration-gate-retry.log,Workspace formatting,0.6,0,retained log
G11,2026-09-21T05:48:14.654Z,supervision/suite-integration-gate-retry.log,Default workspace Clippy,4.1,0,retained log
G11,2026-09-21T05:48:14.654Z,supervision/suite-integration-gate-retry.log,Feature workspace Clippy,4.0,0,retained log
G11,2026-09-21T05:48:14.654Z,supervision/suite-integration-gate-retry.log,Default workspace tests,102.0,0,retained log
G11,2026-09-21T05:48:14.654Z,supervision/suite-integration-gate-retry.log,Feature workspace tests,108.5,0,retained log
G11,2026-09-21T05:48:14.654Z,supervision/suite-integration-gate-retry.log,Rust 1.95 workspace check,4.0,0,retained log
G11,2026-09-21T05:48:14.654Z,supervision/suite-integration-gate-retry.log,Rust 1.94 Kev check,0.2,0,retained log
G11,2026-09-21T05:48:14.654Z,supervision/suite-integration-gate-retry.log,Dependency policy,0.9,0,retained log
G11,2026-09-21T05:48:14.654Z,supervision/suite-integration-gate-retry.log,PostgreSQL acceptance,19.2,0,retained log
G12,2026-09-21T05:56:24.642Z,supervision/relay-protocol-manual-gate.log,Artifact acquisition tests,0.1,0,retained log
G12,2026-09-21T05:56:24.642Z,supervision/relay-protocol-manual-gate.log,Delegation evidence checks,0.6,0,retained log
G12,2026-09-21T05:56:24.642Z,supervision/relay-protocol-manual-gate.log,Workspace formatting,0.6,0,retained log
G12,2026-09-21T05:56:24.642Z,supervision/relay-protocol-manual-gate.log,Default workspace Clippy,0.8,101,retained log
G13,2026-09-21T05:56:44.721Z,supervision/relay-protocol-manual-gate-retry.log,Artifact acquisition tests,0.1,0,retained log
G13,2026-09-21T05:56:44.721Z,supervision/relay-protocol-manual-gate-retry.log,Delegation evidence checks,0.6,0,retained log
G13,2026-09-21T05:56:44.721Z,supervision/relay-protocol-manual-gate-retry.log,Workspace formatting,0.6,0,retained log
G13,2026-09-21T05:56:44.721Z,supervision/relay-protocol-manual-gate-retry.log,Default workspace Clippy,7.2,0,retained log
G13,2026-09-21T05:56:44.721Z,supervision/relay-protocol-manual-gate-retry.log,Feature workspace Clippy,4.2,0,retained log
G13,2026-09-21T05:56:44.721Z,supervision/relay-protocol-manual-gate-retry.log,Default workspace tests,149.2,0,retained log
G14,2026-09-21T06:02:08.047Z,supervision/relay-protocol-manual-gate-complete.log,Artifact acquisition tests,0.1,0,retained log
G14,2026-09-21T06:02:08.047Z,supervision/relay-protocol-manual-gate-complete.log,Delegation evidence checks,0.6,0,retained log
G14,2026-09-21T06:02:08.047Z,supervision/relay-protocol-manual-gate-complete.log,Workspace formatting,0.6,0,retained log
G14,2026-09-21T06:02:08.047Z,supervision/relay-protocol-manual-gate-complete.log,Default workspace Clippy,0.3,0,retained log
G14,2026-09-21T06:02:08.047Z,supervision/relay-protocol-manual-gate-complete.log,Feature workspace Clippy,0.2,0,retained log
G14,2026-09-21T06:02:08.047Z,supervision/relay-protocol-manual-gate-complete.log,Default workspace tests,83.1,0,retained log
G14,2026-09-21T06:02:08.047Z,supervision/relay-protocol-manual-gate-complete.log,Feature workspace tests,48.3,101,retained log
G15,2026-09-21T06:11:59.312Z,supervision/relay-classification-combined-gate.log,Artifact acquisition tests,0.1,0,retained log
G15,2026-09-21T06:11:59.312Z,supervision/relay-classification-combined-gate.log,Delegation evidence checks,0.6,0,retained log
G15,2026-09-21T06:11:59.312Z,supervision/relay-classification-combined-gate.log,Workspace formatting,0.6,0,retained log
G15,2026-09-21T06:11:59.312Z,supervision/relay-classification-combined-gate.log,Default workspace Clippy,1.2,0,retained log
G15,2026-09-21T06:11:59.312Z,supervision/relay-classification-combined-gate.log,Feature workspace Clippy,1.2,0,retained log
G15,2026-09-21T06:11:59.312Z,supervision/relay-classification-combined-gate.log,Default workspace tests,89.9,0,retained log
G15,2026-09-21T06:11:59.312Z,supervision/relay-classification-combined-gate.log,Feature workspace tests,94.9,0,retained log
G15,2026-09-21T06:11:59.312Z,supervision/relay-classification-combined-gate.log,Rust 1.95 workspace check,8.3,0,retained log
G15,2026-09-21T06:11:59.312Z,supervision/relay-classification-combined-gate.log,Rust 1.94 Kev check,0.2,0,retained log
G15,2026-09-21T06:11:59.312Z,supervision/relay-classification-combined-gate.log,Dependency policy,0.9,0,retained log
G15,2026-09-21T06:11:59.312Z,supervision/relay-classification-combined-gate.log,PostgreSQL acceptance,68.4,0,retained log
G16,2026-09-21T06:24:33.698Z,supervision/decision-profile-manual-gate.log,Artifact acquisition tests,0.1,0,retained log
G16,2026-09-21T06:24:33.698Z,supervision/decision-profile-manual-gate.log,Delegation evidence checks,0.6,0,retained log
G16,2026-09-21T06:24:33.698Z,supervision/decision-profile-manual-gate.log,Workspace formatting,0.6,0,retained log
G16,2026-09-21T06:24:33.698Z,supervision/decision-profile-manual-gate.log,Default workspace Clippy,6.0,0,retained log
G16,2026-09-21T06:24:33.698Z,supervision/decision-profile-manual-gate.log,Feature workspace Clippy,5.9,0,retained log
G16,2026-09-21T06:24:33.698Z,supervision/decision-profile-manual-gate.log,Default workspace tests,113.8,0,retained log
G16,2026-09-21T06:24:33.698Z,supervision/decision-profile-manual-gate.log,Feature workspace tests,119.0,0,retained log
G16,2026-09-21T06:24:33.698Z,supervision/decision-profile-manual-gate.log,Rust 1.95 workspace check,5.6,0,retained log
G16,2026-09-21T06:24:33.698Z,supervision/decision-profile-manual-gate.log,Rust 1.94 Kev check,0.1,0,retained log
G16,2026-09-21T06:24:33.698Z,supervision/decision-profile-manual-gate.log,Dependency policy,0.8,0,retained log
G16,2026-09-21T06:24:33.698Z,supervision/decision-profile-manual-gate.log,PostgreSQL acceptance,19.1,0,retained log
G17,2026-09-21T06:32:11.436Z,supervision/scorable-bound-manual-gate.log,Artifact acquisition tests,0.1,0,retained log
G17,2026-09-21T06:32:11.436Z,supervision/scorable-bound-manual-gate.log,Delegation evidence checks,0.6,0,retained log
G17,2026-09-21T06:32:11.436Z,supervision/scorable-bound-manual-gate.log,Workspace formatting,0.6,0,retained log
G17,2026-09-21T06:32:11.436Z,supervision/scorable-bound-manual-gate.log,Default workspace Clippy,6.0,0,retained log
G17,2026-09-21T06:32:11.436Z,supervision/scorable-bound-manual-gate.log,Feature workspace Clippy,5.9,0,retained log
G17,2026-09-21T06:32:11.436Z,supervision/scorable-bound-manual-gate.log,Default workspace tests,108.8,0,retained log
G17,2026-09-21T06:32:11.436Z,supervision/scorable-bound-manual-gate.log,Feature workspace tests,115.3,0,retained log
G17,2026-09-21T06:32:11.436Z,supervision/scorable-bound-manual-gate.log,Rust 1.95 workspace check,5.7,0,retained log
G17,2026-09-21T06:32:11.436Z,supervision/scorable-bound-manual-gate.log,Rust 1.94 Kev check,0.1,0,retained log
G17,2026-09-21T06:32:11.436Z,supervision/scorable-bound-manual-gate.log,Dependency policy,1.0,0,retained log
G17,2026-09-21T06:32:11.436Z,supervision/scorable-bound-manual-gate.log,PostgreSQL acceptance,19.1,0,retained log
G18,2026-09-21T06:38:35.801Z,supervision/repo-bounds-manual-gate.log,Artifact acquisition tests,0.1,0,retained log
G18,2026-09-21T06:38:35.801Z,supervision/repo-bounds-manual-gate.log,Delegation evidence checks,0.6,0,retained log
G18,2026-09-21T06:38:35.801Z,supervision/repo-bounds-manual-gate.log,Workspace formatting,0.6,0,retained log
G18,2026-09-21T06:38:35.801Z,supervision/repo-bounds-manual-gate.log,Default workspace Clippy,5.8,0,retained log
G18,2026-09-21T06:38:35.801Z,supervision/repo-bounds-manual-gate.log,Feature workspace Clippy,5.7,0,retained log
G18,2026-09-21T06:38:35.801Z,supervision/repo-bounds-manual-gate.log,Default workspace tests,108.9,0,retained log
G18,2026-09-21T06:38:35.801Z,supervision/repo-bounds-manual-gate.log,Feature workspace tests,113.4,0,retained log
G18,2026-09-21T06:38:35.801Z,supervision/repo-bounds-manual-gate.log,Rust 1.95 workspace check,5.5,0,retained log
G18,2026-09-21T06:38:35.801Z,supervision/repo-bounds-manual-gate.log,Rust 1.94 Kev check,0.1,0,retained log
G18,2026-09-21T06:38:35.801Z,supervision/repo-bounds-manual-gate.log,Dependency policy,0.9,0,retained log
G18,2026-09-21T06:38:35.801Z,supervision/repo-bounds-manual-gate.log,PostgreSQL acceptance,19.0,0,retained log
G19,2026-09-21T06:44:40.148Z,supervision/classification-modes-manual-gate.log,Artifact acquisition tests,0.1,0,retained log
G19,2026-09-21T06:44:40.148Z,supervision/classification-modes-manual-gate.log,Delegation evidence checks,0.6,0,retained log
G19,2026-09-21T06:44:40.148Z,supervision/classification-modes-manual-gate.log,Workspace formatting,0.7,0,retained log
G19,2026-09-21T06:44:40.148Z,supervision/classification-modes-manual-gate.log,Default workspace Clippy,2.2,0,retained log
G19,2026-09-21T06:44:40.148Z,supervision/classification-modes-manual-gate.log,Feature workspace Clippy,2.1,0,retained log
G19,2026-09-21T06:44:40.148Z,supervision/classification-modes-manual-gate.log,Default workspace tests,93.6,0,retained log
G19,2026-09-21T06:44:40.148Z,supervision/classification-modes-manual-gate.log,Feature workspace tests,98.1,0,retained log
G19,2026-09-21T06:44:40.148Z,supervision/classification-modes-manual-gate.log,Rust 1.95 workspace check,2.1,0,retained log
G19,2026-09-21T06:44:40.148Z,supervision/classification-modes-manual-gate.log,Rust 1.94 Kev check,0.1,0,retained log
G19,2026-09-21T06:44:40.148Z,supervision/classification-modes-manual-gate.log,Dependency policy,0.9,0,retained log
G19,2026-09-21T06:44:40.148Z,supervision/classification-modes-manual-gate.log,PostgreSQL acceptance,9.3,101,retained log
G20,2026-09-21T06:51:37.066Z,supervision/classification-backup-manual-gate.log,Artifact acquisition tests,0.1,0,retained log
G20,2026-09-21T06:51:37.066Z,supervision/classification-backup-manual-gate.log,Delegation evidence checks,0.6,0,retained log
G20,2026-09-21T06:51:37.066Z,supervision/classification-backup-manual-gate.log,Backup collection tests,1.2,0,retained log
G20,2026-09-21T06:51:37.066Z,supervision/classification-backup-manual-gate.log,Workspace formatting,0.6,0,retained log
G20,2026-09-21T06:51:37.066Z,supervision/classification-backup-manual-gate.log,Default workspace Clippy,0.4,0,retained log
G20,2026-09-21T06:51:37.066Z,supervision/classification-backup-manual-gate.log,Feature workspace Clippy,0.3,0,retained log
G20,2026-09-21T06:51:37.066Z,supervision/classification-backup-manual-gate.log,Default workspace tests,69.6,101,retained log
G21,2026-09-21T06:54:48.379Z,supervision/classification-backup-final-gate.log,Artifact acquisition tests,0.1,0,retained log
G21,2026-09-21T06:54:48.379Z,supervision/classification-backup-final-gate.log,Delegation evidence checks,0.6,0,retained log
G21,2026-09-21T06:54:48.379Z,supervision/classification-backup-final-gate.log,Backup collection tests,1.4,0,retained log
G21,2026-09-21T06:54:48.379Z,supervision/classification-backup-final-gate.log,Workspace formatting,0.6,0,retained log
G21,2026-09-21T06:54:48.379Z,supervision/classification-backup-final-gate.log,Default workspace Clippy,0.4,0,retained log
G21,2026-09-21T06:54:48.379Z,supervision/classification-backup-final-gate.log,Feature workspace Clippy,0.3,0,retained log
G21,2026-09-21T06:54:48.379Z,supervision/classification-backup-final-gate.log,Default workspace tests,85.6,0,retained log
G21,2026-09-21T06:54:48.379Z,supervision/classification-backup-final-gate.log,Feature workspace tests,90.0,0,retained log
G21,2026-09-21T06:54:48.379Z,supervision/classification-backup-final-gate.log,Rust 1.95 workspace check,0.4,0,retained log
G21,2026-09-21T06:54:48.379Z,supervision/classification-backup-final-gate.log,Rust 1.94 Kev check,0.1,0,retained log
G21,2026-09-21T06:54:48.379Z,supervision/classification-backup-final-gate.log,Dependency policy,0.8,0,retained log
G21,2026-09-21T06:54:48.379Z,supervision/classification-backup-final-gate.log,PostgreSQL acceptance,19.0,0,retained log
G22,2026-09-21T07:10:21.623Z,supervision/gym-suite-manual-gate.log,Artifact acquisition tests,0.1,0,retained log
G22,2026-09-21T07:10:21.623Z,supervision/gym-suite-manual-gate.log,Delegation evidence checks,0.7,0,retained log
G22,2026-09-21T07:10:21.623Z,supervision/gym-suite-manual-gate.log,Backup collection tests,1.5,0,retained log
G22,2026-09-21T07:10:21.623Z,supervision/gym-suite-manual-gate.log,Workspace formatting,0.6,0,retained log
G22,2026-09-21T07:10:21.623Z,supervision/gym-suite-manual-gate.log,Default workspace Clippy,75.4,0,retained log
G22,2026-09-21T07:10:21.623Z,supervision/gym-suite-manual-gate.log,Feature workspace Clippy,21.2,0,retained log
G22,2026-09-21T07:10:21.623Z,supervision/gym-suite-manual-gate.log,Default workspace tests,304.8,0,retained log
G22,2026-09-21T07:10:21.623Z,supervision/gym-suite-manual-gate.log,Feature workspace tests,209.3,0,retained log
G22,2026-09-21T07:10:21.623Z,supervision/gym-suite-manual-gate.log,Rust 1.95 workspace check,106.5,0,retained log
G22,2026-09-21T07:10:21.623Z,supervision/gym-suite-manual-gate.log,Rust 1.94 Kev check,43.8,0,retained log
G22,2026-09-21T07:10:21.623Z,supervision/gym-suite-manual-gate.log,Dependency policy,1.1,0,retained log
G22,2026-09-21T07:10:21.623Z,supervision/gym-suite-manual-gate.log,PostgreSQL acceptance,152.7,0,retained log
G23,2026-09-21T07:26:38.409Z,supervision/repository-evidence-manual-gate.log,Artifact acquisition tests,0.1,0,retained log
G23,2026-09-21T07:26:38.409Z,supervision/repository-evidence-manual-gate.log,Delegation evidence checks,0.6,0,retained log
G23,2026-09-21T07:26:38.409Z,supervision/repository-evidence-manual-gate.log,Backup collection tests,1.3,0,retained log
G23,2026-09-21T07:26:38.409Z,supervision/repository-evidence-manual-gate.log,Workspace formatting,0.6,0,retained log
G23,2026-09-21T07:26:38.409Z,supervision/repository-evidence-manual-gate.log,Default workspace Clippy,9.9,0,retained log
G23,2026-09-21T07:26:38.409Z,supervision/repository-evidence-manual-gate.log,Feature workspace Clippy,8.1,0,retained log
G23,2026-09-21T07:26:38.409Z,supervision/repository-evidence-manual-gate.log,Default workspace tests,155.5,0,retained log
G23,2026-09-21T07:26:38.409Z,supervision/repository-evidence-manual-gate.log,Feature workspace tests,152.2,0,retained log
G23,2026-09-21T07:26:38.409Z,supervision/repository-evidence-manual-gate.log,Rust 1.95 workspace check,9.7,0,retained log
G23,2026-09-21T07:26:38.409Z,supervision/repository-evidence-manual-gate.log,Rust 1.94 Kev check,0.2,0,retained log
G23,2026-09-21T07:26:38.409Z,supervision/repository-evidence-manual-gate.log,Dependency policy,0.9,0,retained log
G23,2026-09-21T07:26:38.409Z,supervision/repository-evidence-manual-gate.log,PostgreSQL acceptance,20.5,0,retained log
G24,2026-09-21T07:34:05.833Z,supervision/classification-summaries-manual-gate.log,Artifact acquisition tests,0.1,0,retained log
G24,2026-09-21T07:34:05.833Z,supervision/classification-summaries-manual-gate.log,Delegation evidence checks,0.6,0,retained log
G24,2026-09-21T07:34:05.833Z,supervision/classification-summaries-manual-gate.log,Backup collection tests,1.3,0,retained log
G24,2026-09-21T07:34:05.833Z,supervision/classification-summaries-manual-gate.log,Workspace formatting,0.7,0,retained log
G24,2026-09-21T07:34:05.833Z,supervision/classification-summaries-manual-gate.log,Default workspace Clippy,2.2,0,retained log
G24,2026-09-21T07:34:05.833Z,supervision/classification-summaries-manual-gate.log,Feature workspace Clippy,2.1,0,retained log
G24,2026-09-21T07:34:05.833Z,supervision/classification-summaries-manual-gate.log,Default workspace tests,99.7,0,retained log
G24,2026-09-21T07:34:05.833Z,supervision/classification-summaries-manual-gate.log,Feature workspace tests,105.3,0,retained log
G24,2026-09-21T07:34:05.833Z,supervision/classification-summaries-manual-gate.log,Rust 1.95 workspace check,2.1,0,retained log
G24,2026-09-21T07:34:05.833Z,supervision/classification-summaries-manual-gate.log,Rust 1.94 Kev check,0.1,0,retained log
G24,2026-09-21T07:34:05.833Z,supervision/classification-summaries-manual-gate.log,Dependency policy,0.9,0,retained log
G24,2026-09-21T07:34:05.833Z,supervision/classification-summaries-manual-gate.log,PostgreSQL acceptance,19.1,0,retained log
G25,2026-09-21T07:40:37.400Z,supervision/context-manifest-manual-gate.log,Artifact acquisition tests,0.1,0,retained log
G25,2026-09-21T07:40:37.400Z,supervision/context-manifest-manual-gate.log,Delegation evidence checks,0.6,0,retained log
G25,2026-09-21T07:40:37.400Z,supervision/context-manifest-manual-gate.log,Backup collection tests,1.4,0,retained log
G25,2026-09-21T07:40:37.400Z,supervision/context-manifest-manual-gate.log,Workspace formatting,0.6,0,retained log
G25,2026-09-21T07:40:37.400Z,supervision/context-manifest-manual-gate.log,Default workspace Clippy,7.1,0,retained log
G25,2026-09-21T07:40:37.400Z,supervision/context-manifest-manual-gate.log,Feature workspace Clippy,7.1,0,retained log
G25,2026-09-21T07:40:37.400Z,supervision/context-manifest-manual-gate.log,Default workspace tests,123.5,0,retained log
G25,2026-09-21T07:40:37.400Z,supervision/context-manifest-manual-gate.log,Feature workspace tests,41.8,101,retained log
G26,2026-09-21T07:44:20.362Z,supervision/context-manifest-final-gate.log,Artifact acquisition tests,0.1,0,retained log
G26,2026-09-21T07:44:20.362Z,supervision/context-manifest-final-gate.log,Delegation evidence checks,0.6,0,retained log
G26,2026-09-21T07:44:20.362Z,supervision/context-manifest-final-gate.log,Backup collection tests,1.2,0,retained log
G26,2026-09-21T07:44:20.362Z,supervision/context-manifest-final-gate.log,Workspace formatting,0.7,0,retained log
G26,2026-09-21T07:44:20.362Z,supervision/context-manifest-final-gate.log,Default workspace Clippy,0.4,0,retained log
G26,2026-09-21T07:44:20.362Z,supervision/context-manifest-final-gate.log,Feature workspace Clippy,0.4,0,retained log
G26,2026-09-21T07:44:20.362Z,supervision/context-manifest-final-gate.log,Default workspace tests,93.3,0,retained log
G26,2026-09-21T07:44:20.362Z,supervision/context-manifest-final-gate.log,Feature workspace tests,109.1,0,retained log
G26,2026-09-21T07:44:20.362Z,supervision/context-manifest-final-gate.log,Rust 1.95 workspace check,6.9,0,retained log
G26,2026-09-21T07:44:20.362Z,supervision/context-manifest-final-gate.log,Rust 1.94 Kev check,0.1,0,retained log
G26,2026-09-21T07:44:20.362Z,supervision/context-manifest-final-gate.log,Dependency policy,0.9,0,retained log
G26,2026-09-21T07:44:20.362Z,supervision/context-manifest-final-gate.log,PostgreSQL acceptance,19.1,0,retained log
G27,2026-09-21T07:52:52.500Z,supervision/membership-manual-gate.log,Artifact acquisition tests,0.1,0,retained log
G27,2026-09-21T07:52:52.500Z,supervision/membership-manual-gate.log,Delegation evidence checks,0.6,0,retained log
G27,2026-09-21T07:52:52.500Z,supervision/membership-manual-gate.log,Backup collection tests,1.5,0,retained log
G27,2026-09-21T07:52:52.500Z,supervision/membership-manual-gate.log,Workspace formatting,0.6,0,retained log
G27,2026-09-21T07:52:52.500Z,supervision/membership-manual-gate.log,Default workspace Clippy,4.5,0,retained log
G27,2026-09-21T07:52:52.500Z,supervision/membership-manual-gate.log,Feature workspace Clippy,2.3,0,retained log
G27,2026-09-21T07:52:52.500Z,supervision/membership-manual-gate.log,Default workspace tests,109.0,0,retained log
G27,2026-09-21T07:52:52.500Z,supervision/membership-manual-gate.log,Feature workspace tests,107.9,0,retained log
G27,2026-09-21T07:52:52.500Z,supervision/membership-manual-gate.log,Rust 1.95 workspace check,4.1,0,retained log
G27,2026-09-21T07:52:52.500Z,supervision/membership-manual-gate.log,Rust 1.94 Kev check,0.1,0,retained log
G27,2026-09-21T07:52:52.500Z,supervision/membership-manual-gate.log,Dependency policy,0.9,0,retained log
G27,2026-09-21T07:52:52.500Z,supervision/membership-manual-gate.log,PostgreSQL acceptance,19.2,0,retained log
G28,2026-09-21T08:03:20.940Z,supervision/membership-key-manual-gate.log,Artifact acquisition tests,0.1,0,retained log
G28,2026-09-21T08:03:20.940Z,supervision/membership-key-manual-gate.log,Delegation evidence checks,0.6,0,retained log
G28,2026-09-21T08:03:20.940Z,supervision/membership-key-manual-gate.log,Backup collection tests,1.4,0,retained log
G28,2026-09-21T08:03:20.940Z,supervision/membership-key-manual-gate.log,Workspace formatting,0.7,0,retained log
G28,2026-09-21T08:03:20.940Z,supervision/membership-key-manual-gate.log,Default workspace Clippy,3.2,0,retained log
G28,2026-09-21T08:03:20.940Z,supervision/membership-key-manual-gate.log,Feature workspace Clippy,1.6,0,retained log
G28,2026-09-21T08:03:20.940Z,supervision/membership-key-manual-gate.log,Default workspace tests,105.6,0,retained log
G28,2026-09-21T08:03:20.940Z,supervision/membership-key-manual-gate.log,Feature workspace tests,105.3,0,retained log
G28,2026-09-21T08:03:20.940Z,supervision/membership-key-manual-gate.log,Rust 1.95 workspace check,2.9,0,retained log
G28,2026-09-21T08:03:20.940Z,supervision/membership-key-manual-gate.log,Rust 1.94 Kev check,0.2,0,retained log
G28,2026-09-21T08:03:20.940Z,supervision/membership-key-manual-gate.log,Dependency policy,0.9,0,retained log
G28,2026-09-21T08:03:20.940Z,supervision/membership-key-manual-gate.log,PostgreSQL acceptance,19.0,0,retained log
G29,2026-09-21T08:12:45.928Z,supervision/batch-membership-manual-gate.log,Artifact acquisition tests,0.1,0,retained log
G29,2026-09-21T08:12:45.928Z,supervision/batch-membership-manual-gate.log,Delegation evidence checks,0.7,0,retained log
G29,2026-09-21T08:12:45.928Z,supervision/batch-membership-manual-gate.log,Backup collection tests,1.4,0,retained log
G29,2026-09-21T08:12:45.928Z,supervision/batch-membership-manual-gate.log,Workspace formatting,0.7,0,retained log
G29,2026-09-21T08:12:45.928Z,supervision/batch-membership-manual-gate.log,Default workspace Clippy,3.2,0,retained log
G29,2026-09-21T08:12:45.928Z,supervision/batch-membership-manual-gate.log,Feature workspace Clippy,2.5,0,retained log
G29,2026-09-21T08:12:45.928Z,supervision/batch-membership-manual-gate.log,Default workspace tests,106.2,0,retained log
G29,2026-09-21T08:12:45.928Z,supervision/batch-membership-manual-gate.log,Feature workspace tests,110.8,0,retained log
G29,2026-09-21T08:12:45.928Z,supervision/batch-membership-manual-gate.log,Rust 1.95 workspace check,2.1,0,retained log
G29,2026-09-21T08:12:45.928Z,supervision/batch-membership-manual-gate.log,Rust 1.94 Kev check,0.1,0,retained log
G29,2026-09-21T08:12:45.928Z,supervision/batch-membership-manual-gate.log,Dependency policy,1.0,0,retained log
G29,2026-09-21T08:12:45.928Z,supervision/batch-membership-manual-gate.log,PostgreSQL acceptance,19.3,0,retained log
G30,2026-09-21T08:24:45.542Z,supervision/discovery-limits-manual-gate.log,Artifact acquisition tests,0.1,0,retained log
G30,2026-09-21T08:24:45.542Z,supervision/discovery-limits-manual-gate.log,Delegation evidence checks,0.6,0,retained log
G30,2026-09-21T08:24:45.542Z,supervision/discovery-limits-manual-gate.log,Backup collection tests,1.4,0,retained log
G30,2026-09-21T08:24:45.542Z,supervision/discovery-limits-manual-gate.log,Workspace formatting,0.7,0,retained log
G30,2026-09-21T08:24:45.542Z,supervision/discovery-limits-manual-gate.log,Default workspace Clippy,2.0,0,retained log
G30,2026-09-21T08:24:45.542Z,supervision/discovery-limits-manual-gate.log,Feature workspace Clippy,2.0,0,retained log
G30,2026-09-21T08:24:45.542Z,supervision/discovery-limits-manual-gate.log,Default workspace tests,104.0,0,retained log
G30,2026-09-21T08:24:45.542Z,supervision/discovery-limits-manual-gate.log,Feature workspace tests,108.7,0,retained log
G30,2026-09-21T08:24:45.542Z,supervision/discovery-limits-manual-gate.log,Rust 1.95 workspace check,1.8,0,retained log
G30,2026-09-21T08:24:45.542Z,supervision/discovery-limits-manual-gate.log,Rust 1.94 Kev check,0.1,0,retained log
G30,2026-09-21T08:24:45.542Z,supervision/discovery-limits-manual-gate.log,Dependency policy,1.0,0,retained log
G30,2026-09-21T08:24:45.542Z,supervision/discovery-limits-manual-gate.log,PostgreSQL acceptance,19.1,0,retained log
G31,2026-09-21T08:44:15.265Z,supervision/review-workflow-manual-gate.log,Default workspace Clippy,2.1,101,printed records; original log overwritten
G32,2026-09-21T08:44:49.674Z,supervision/review-workflow-manual-gate.log,Artifact acquisition tests,0.1,0,retained log
G32,2026-09-21T08:44:49.674Z,supervision/review-workflow-manual-gate.log,Delegation evidence checks,0.6,0,retained log
G32,2026-09-21T08:44:49.674Z,supervision/review-workflow-manual-gate.log,Backup collection tests,1.2,0,retained log
G32,2026-09-21T08:44:49.674Z,supervision/review-workflow-manual-gate.log,Workspace formatting,0.7,0,retained log
G32,2026-09-21T08:44:49.674Z,supervision/review-workflow-manual-gate.log,Default workspace Clippy,6.0,0,retained log
G32,2026-09-21T08:44:49.674Z,supervision/review-workflow-manual-gate.log,Feature workspace Clippy,5.8,0,retained log
G32,2026-09-21T08:44:49.674Z,supervision/review-workflow-manual-gate.log,Default workspace tests,170.9,0,retained log
G32,2026-09-21T08:44:49.674Z,supervision/review-workflow-manual-gate.log,Feature workspace tests,177.5,0,retained log
G32,2026-09-21T08:44:49.674Z,supervision/review-workflow-manual-gate.log,Rust 1.95 workspace check,5.8,0,retained log
G32,2026-09-21T08:44:49.674Z,supervision/review-workflow-manual-gate.log,Rust 1.94 Kev check,0.2,0,retained log
G32,2026-09-21T08:44:49.674Z,supervision/review-workflow-manual-gate.log,Dependency policy,0.9,0,retained log
G32,2026-09-21T08:44:49.674Z,supervision/review-workflow-manual-gate.log,PostgreSQL acceptance,20.1,0,retained log
G33,2026-09-21T09:13:45.345Z,supervision/classification-callers-manual-gate.log,Default workspace Clippy,3.3,101,printed records; original log overwritten
G34,2026-09-21T09:14:15.605Z,supervision/classification-callers-manual-gate.log,Artifact acquisition tests,0.1,0,retained log
G34,2026-09-21T09:14:15.605Z,supervision/classification-callers-manual-gate.log,Delegation evidence checks,0.6,0,retained log
G34,2026-09-21T09:14:15.605Z,supervision/classification-callers-manual-gate.log,Backup collection tests,1.2,0,retained log
G34,2026-09-21T09:14:15.605Z,supervision/classification-callers-manual-gate.log,Workspace formatting,0.7,0,retained log
G34,2026-09-21T09:14:15.605Z,supervision/classification-callers-manual-gate.log,Default workspace Clippy,14.3,0,retained log
G34,2026-09-21T09:14:15.605Z,supervision/classification-callers-manual-gate.log,Feature workspace Clippy,15.6,0,retained log
G34,2026-09-21T09:14:15.605Z,supervision/classification-callers-manual-gate.log,Default workspace tests,229.7,0,retained log
G34,2026-09-21T09:14:15.605Z,supervision/classification-callers-manual-gate.log,Feature workspace tests,244.2,0,retained log
G34,2026-09-21T09:14:15.605Z,supervision/classification-callers-manual-gate.log,Rust 1.95 workspace check,20.7,0,retained log
G34,2026-09-21T09:14:15.605Z,supervision/classification-callers-manual-gate.log,Rust 1.94 Kev check,0.2,0,retained log
G34,2026-09-21T09:14:15.605Z,supervision/classification-callers-manual-gate.log,Dependency policy,1.1,0,retained log
G34,2026-09-21T09:14:15.605Z,supervision/classification-callers-manual-gate.log,PostgreSQL acceptance,20.2,0,retained log
G35,2026-09-21T09:32:44.086Z,supervision/money-manual-gate.log,Default workspace Clippy,1.8,101,printed records; original log overwritten
G36,2026-09-21T09:33:14.297Z,supervision/money-manual-gate.log,Artifact acquisition tests,0.1,0,retained log
G36,2026-09-21T09:33:14.297Z,supervision/money-manual-gate.log,Delegation evidence checks,0.6,0,retained log
G36,2026-09-21T09:33:14.297Z,supervision/money-manual-gate.log,Backup collection tests,1.4,0,retained log
G36,2026-09-21T09:33:14.297Z,supervision/money-manual-gate.log,Workspace formatting,0.7,0,retained log
G36,2026-09-21T09:33:14.297Z,supervision/money-manual-gate.log,Default workspace Clippy,2.3,0,retained log
G36,2026-09-21T09:33:14.297Z,supervision/money-manual-gate.log,Feature workspace Clippy,2.5,0,retained log
G36,2026-09-21T09:33:14.297Z,supervision/money-manual-gate.log,Default workspace tests,156.9,0,retained log
G36,2026-09-21T09:33:14.297Z,supervision/money-manual-gate.log,Feature workspace tests,163.0,0,retained log
G36,2026-09-21T09:33:14.297Z,supervision/money-manual-gate.log,Rust 1.95 workspace check,2.5,0,retained log
G36,2026-09-21T09:33:14.297Z,supervision/money-manual-gate.log,Rust 1.94 Kev check,0.2,0,retained log
G36,2026-09-21T09:33:14.297Z,supervision/money-manual-gate.log,Dependency policy,0.9,0,retained log
G36,2026-09-21T09:33:14.297Z,supervision/money-manual-gate.log,PostgreSQL acceptance,19.3,0,retained log
G37,2026-09-21T09:51:53.378Z,supervision/admission-manual-gate.log,Artifact acquisition tests,0.1,0,retained log
G37,2026-09-21T09:51:53.378Z,supervision/admission-manual-gate.log,Delegation evidence checks,0.6,0,retained log
G37,2026-09-21T09:51:53.378Z,supervision/admission-manual-gate.log,Backup collection tests,1.3,0,retained log
G37,2026-09-21T09:51:53.378Z,supervision/admission-manual-gate.log,Workspace formatting,0.7,0,retained log
G37,2026-09-21T09:51:53.378Z,supervision/admission-manual-gate.log,Default workspace Clippy,20.7,0,retained log
G37,2026-09-21T09:51:53.378Z,supervision/admission-manual-gate.log,Feature workspace Clippy,20.6,0,retained log
G37,2026-09-21T09:51:53.378Z,supervision/admission-manual-gate.log,Default workspace tests,256.2,0,retained log
G37,2026-09-21T09:51:53.378Z,supervision/admission-manual-gate.log,Feature workspace tests,270.4,0,retained log
G37,2026-09-21T09:51:53.378Z,supervision/admission-manual-gate.log,Rust 1.95 workspace check,21.6,0,retained log
G37,2026-09-21T09:51:53.378Z,supervision/admission-manual-gate.log,Rust 1.94 Kev check,0.2,0,retained log
G37,2026-09-21T09:51:53.378Z,supervision/admission-manual-gate.log,Dependency policy,1.1,0,retained log
G37,2026-09-21T09:51:53.378Z,supervision/admission-manual-gate.log,PostgreSQL acceptance,19.7,0,retained log
G38,2026-09-21T10:02:29.855Z,supervision/admission-combined-manual-gate.log,Artifact acquisition tests,0.1,0,retained log
G38,2026-09-21T10:02:29.855Z,supervision/admission-combined-manual-gate.log,Delegation evidence checks,0.6,0,retained log
G38,2026-09-21T10:02:29.855Z,supervision/admission-combined-manual-gate.log,Backup collection tests,1.4,0,retained log
G38,2026-09-21T10:02:29.855Z,supervision/admission-combined-manual-gate.log,Workspace formatting,0.7,0,retained log
G38,2026-09-21T10:02:29.855Z,supervision/admission-combined-manual-gate.log,Default workspace Clippy,18.0,0,retained log
G38,2026-09-21T10:02:29.855Z,supervision/admission-combined-manual-gate.log,Feature workspace Clippy,19.7,0,retained log
G38,2026-09-21T10:02:29.855Z,supervision/admission-combined-manual-gate.log,Default workspace tests,250.8,0,retained log
G38,2026-09-21T10:02:29.855Z,supervision/admission-combined-manual-gate.log,Feature workspace tests,261.8,0,retained log
G38,2026-09-21T10:02:29.855Z,supervision/admission-combined-manual-gate.log,Rust 1.95 workspace check,19.9,0,retained log
G38,2026-09-21T10:02:29.855Z,supervision/admission-combined-manual-gate.log,Rust 1.94 Kev check,0.1,0,retained log
G38,2026-09-21T10:02:29.855Z,supervision/admission-combined-manual-gate.log,Dependency policy,0.9,0,retained log
G38,2026-09-21T10:02:29.855Z,supervision/admission-combined-manual-gate.log,PostgreSQL acceptance,19.2,0,retained log
G39,2026-09-21T10:20:13.855Z,supervision/classification-contract-manual-gate.log,Artifact acquisition tests,0.1,0,retained log
G39,2026-09-21T10:20:13.855Z,supervision/classification-contract-manual-gate.log,Delegation evidence checks,0.6,0,retained log
G39,2026-09-21T10:20:13.855Z,supervision/classification-contract-manual-gate.log,Backup collection tests,1.4,0,retained log
G39,2026-09-21T10:20:13.855Z,supervision/classification-contract-manual-gate.log,Workspace formatting,0.7,0,retained log
G39,2026-09-21T10:20:13.855Z,supervision/classification-contract-manual-gate.log,Default workspace Clippy,1.4,0,retained log
G39,2026-09-21T10:20:13.855Z,supervision/classification-contract-manual-gate.log,Feature workspace Clippy,0.5,0,retained log
G39,2026-09-21T10:20:13.855Z,supervision/classification-contract-manual-gate.log,Default workspace tests,151.5,0,retained log
G39,2026-09-21T10:20:13.855Z,supervision/classification-contract-manual-gate.log,Feature workspace tests,153.5,0,retained log
G39,2026-09-21T10:20:13.855Z,supervision/classification-contract-manual-gate.log,Rust 1.95 workspace check,0.5,0,retained log
G39,2026-09-21T10:20:13.855Z,supervision/classification-contract-manual-gate.log,Rust 1.94 Kev check,0.2,0,retained log
G39,2026-09-21T10:20:13.855Z,supervision/classification-contract-manual-gate.log,Dependency policy,0.9,0,retained log
G39,2026-09-21T10:20:13.855Z,supervision/classification-contract-manual-gate.log,PostgreSQL acceptance,19.4,0,retained log
G40,2026-09-21T10:32:34.543Z,supervision/mcp-docs-manual-gate.log,Artifact acquisition tests,0.1,0,retained log
G40,2026-09-21T10:32:34.543Z,supervision/mcp-docs-manual-gate.log,Delegation evidence checks,0.6,0,retained log
G40,2026-09-21T10:32:34.543Z,supervision/mcp-docs-manual-gate.log,Backup collection tests,1.3,0,retained log
G40,2026-09-21T10:32:34.543Z,supervision/mcp-docs-manual-gate.log,Workspace formatting,0.7,0,retained log
G40,2026-09-21T10:32:34.543Z,supervision/mcp-docs-manual-gate.log,Default workspace Clippy,2.7,0,retained log
G40,2026-09-21T10:32:34.543Z,supervision/mcp-docs-manual-gate.log,Feature workspace Clippy,1.9,0,retained log
G40,2026-09-21T10:32:34.543Z,supervision/mcp-docs-manual-gate.log,Default workspace tests,158.3,0,retained log
G40,2026-09-21T10:32:34.543Z,supervision/mcp-docs-manual-gate.log,Feature workspace tests,165.6,0,retained log
G40,2026-09-21T10:32:34.543Z,supervision/mcp-docs-manual-gate.log,Rust 1.95 workspace check,2.4,0,retained log
G40,2026-09-21T10:32:34.543Z,supervision/mcp-docs-manual-gate.log,Rust 1.94 Kev check,0.1,0,retained log
G40,2026-09-21T10:32:34.543Z,supervision/mcp-docs-manual-gate.log,Dependency policy,0.9,0,retained log
G40,2026-09-21T10:32:34.543Z,supervision/mcp-docs-manual-gate.log,PostgreSQL acceptance,19.7,0,retained log
G41,2026-09-21T10:38:49.450Z,supervision/mcp-docs-final-manual-gate.log,Artifact acquisition tests,0.1,0,retained log
G41,2026-09-21T10:38:49.450Z,supervision/mcp-docs-final-manual-gate.log,Delegation evidence checks,0.6,0,retained log
G41,2026-09-21T10:38:49.450Z,supervision/mcp-docs-final-manual-gate.log,Backup collection tests,1.3,0,retained log
G41,2026-09-21T10:38:49.450Z,supervision/mcp-docs-final-manual-gate.log,Workspace formatting,0.7,0,retained log
G41,2026-09-21T10:38:49.450Z,supervision/mcp-docs-final-manual-gate.log,Default workspace Clippy,1.8,0,retained log
G41,2026-09-21T10:38:49.450Z,supervision/mcp-docs-final-manual-gate.log,Feature workspace Clippy,1.8,0,retained log
G41,2026-09-21T10:38:49.450Z,supervision/mcp-docs-final-manual-gate.log,Default workspace tests,157.5,0,retained log
G41,2026-09-21T10:38:49.450Z,supervision/mcp-docs-final-manual-gate.log,Feature workspace tests,162.3,0,retained log
G41,2026-09-21T10:38:49.450Z,supervision/mcp-docs-final-manual-gate.log,Rust 1.95 workspace check,1.9,0,retained log
G41,2026-09-21T10:38:49.450Z,supervision/mcp-docs-final-manual-gate.log,Rust 1.94 Kev check,0.1,0,retained log
G41,2026-09-21T10:38:49.450Z,supervision/mcp-docs-final-manual-gate.log,Dependency policy,0.9,0,retained log
G41,2026-09-21T10:38:49.450Z,supervision/mcp-docs-final-manual-gate.log,PostgreSQL acceptance,19.3,0,retained log
G42,2026-09-21T11:04:26.562Z,supervision/review-policy-final-manual-gate.log,Artifact acquisition tests,0.1,0,retained log
G42,2026-09-21T11:04:26.562Z,supervision/review-policy-final-manual-gate.log,Delegation evidence checks,0.6,0,retained log
G42,2026-09-21T11:04:26.562Z,supervision/review-policy-final-manual-gate.log,Backup collection tests,1.4,0,retained log
G42,2026-09-21T11:04:26.562Z,supervision/review-policy-final-manual-gate.log,Workspace formatting,0.7,0,retained log
G42,2026-09-21T11:04:26.562Z,supervision/review-policy-final-manual-gate.log,Default workspace Clippy,48.8,0,retained log
G42,2026-09-21T11:04:26.562Z,supervision/review-policy-final-manual-gate.log,Feature workspace Clippy,14.0,0,retained log
G42,2026-09-21T11:04:26.562Z,supervision/review-policy-final-manual-gate.log,Default workspace tests,237.0,0,retained log
G42,2026-09-21T11:04:26.562Z,supervision/review-policy-final-manual-gate.log,Feature workspace tests,191.6,0,retained log
G42,2026-09-21T11:04:26.562Z,supervision/review-policy-final-manual-gate.log,Rust 1.95 workspace check,57.7,0,retained log
G42,2026-09-21T11:04:26.562Z,supervision/review-policy-final-manual-gate.log,Rust 1.94 Kev check,24.1,0,retained log
G42,2026-09-21T11:04:26.562Z,supervision/review-policy-final-manual-gate.log,Dependency policy,1.2,0,retained log
G42,2026-09-21T11:04:26.562Z,supervision/review-policy-final-manual-gate.log,PostgreSQL acceptance,92.2,0,retained log
G43,2026-09-21T11:18:15.792Z,supervision/classification-response-final-manual-gate.log,Artifact acquisition tests,0.1,0,retained log
G43,2026-09-21T11:18:15.792Z,supervision/classification-response-final-manual-gate.log,Delegation evidence checks,0.6,0,retained log
G43,2026-09-21T11:18:15.792Z,supervision/classification-response-final-manual-gate.log,Backup collection tests,1.5,0,retained log
G43,2026-09-21T11:18:15.792Z,supervision/classification-response-final-manual-gate.log,Workspace formatting,0.7,0,retained log
G43,2026-09-21T11:18:15.792Z,supervision/classification-response-final-manual-gate.log,Default workspace Clippy,4.3,0,retained log
G43,2026-09-21T11:18:15.792Z,supervision/classification-response-final-manual-gate.log,Feature workspace Clippy,6.8,0,retained log
G43,2026-09-21T11:18:15.792Z,supervision/classification-response-final-manual-gate.log,Default workspace tests,180.4,0,retained log
G43,2026-09-21T11:18:15.792Z,supervision/classification-response-final-manual-gate.log,Feature workspace tests,176.6,0,retained log
G43,2026-09-21T11:18:15.792Z,supervision/classification-response-final-manual-gate.log,Rust 1.95 workspace check,9.5,0,retained log
G43,2026-09-21T11:18:15.792Z,supervision/classification-response-final-manual-gate.log,Rust 1.94 Kev check,0.2,0,retained log
G43,2026-09-21T11:18:15.792Z,supervision/classification-response-final-manual-gate.log,Dependency policy,0.9,0,retained log
G43,2026-09-21T11:18:15.792Z,supervision/classification-response-final-manual-gate.log,PostgreSQL acceptance,22.4,0,retained log
G44,2026-09-21T11:26:42.770Z,supervision/classification-review-response-final-gate.log,Artifact acquisition tests,0.1,0,retained log
G44,2026-09-21T11:26:42.770Z,supervision/classification-review-response-final-gate.log,Delegation evidence checks,0.6,0,retained log
G44,2026-09-21T11:26:42.770Z,supervision/classification-review-response-final-gate.log,Backup collection tests,1.3,0,retained log
G44,2026-09-21T11:26:42.770Z,supervision/classification-review-response-final-gate.log,Workspace formatting,0.7,0,retained log
G44,2026-09-21T11:26:42.770Z,supervision/classification-review-response-final-gate.log,Default workspace Clippy,2.2,0,retained log
G44,2026-09-21T11:26:42.770Z,supervision/classification-review-response-final-gate.log,Feature workspace Clippy,2.2,0,retained log
G44,2026-09-21T11:26:42.770Z,supervision/classification-review-response-final-gate.log,Default workspace tests,119.3,0,retained log
G44,2026-09-21T11:26:42.770Z,supervision/classification-review-response-final-gate.log,Feature workspace tests,124.7,0,retained log
G44,2026-09-21T11:26:42.770Z,supervision/classification-review-response-final-gate.log,Rust 1.95 workspace check,2.4,0,retained log
G44,2026-09-21T11:26:42.770Z,supervision/classification-review-response-final-gate.log,Rust 1.94 Kev check,0.1,0,retained log
G44,2026-09-21T11:26:42.770Z,supervision/classification-review-response-final-gate.log,Dependency policy,0.8,0,retained log
G44,2026-09-21T11:26:42.770Z,supervision/classification-review-response-final-gate.log,PostgreSQL acceptance,19.2,0,retained log
G45,2026-09-21T11:32:01.317Z,supervision/gateway-backend-boundary-final-gate.log,Artifact acquisition tests,0.1,0,retained log
G45,2026-09-21T11:32:01.317Z,supervision/gateway-backend-boundary-final-gate.log,Delegation evidence checks,0.6,0,retained log
G45,2026-09-21T11:32:01.317Z,supervision/gateway-backend-boundary-final-gate.log,Backup collection tests,1.4,0,retained log
G45,2026-09-21T11:32:01.317Z,supervision/gateway-backend-boundary-final-gate.log,Workspace formatting,0.7,0,retained log
G45,2026-09-21T11:32:01.317Z,supervision/gateway-backend-boundary-final-gate.log,Default workspace Clippy,3.3,0,retained log
G45,2026-09-21T11:32:01.317Z,supervision/gateway-backend-boundary-final-gate.log,Feature workspace Clippy,3.4,0,retained log
G45,2026-09-21T11:32:01.317Z,supervision/gateway-backend-boundary-final-gate.log,Default workspace tests,125.1,0,retained log
G45,2026-09-21T11:32:01.317Z,supervision/gateway-backend-boundary-final-gate.log,Feature workspace tests,129.2,0,retained log
G45,2026-09-21T11:32:01.317Z,supervision/gateway-backend-boundary-final-gate.log,Rust 1.95 workspace check,3.5,0,retained log
G45,2026-09-21T11:32:01.317Z,supervision/gateway-backend-boundary-final-gate.log,Rust 1.94 Kev check,0.1,0,retained log
G45,2026-09-21T11:32:01.317Z,supervision/gateway-backend-boundary-final-gate.log,Dependency policy,1.0,0,retained log
G45,2026-09-21T11:32:01.317Z,supervision/gateway-backend-boundary-final-gate.log,PostgreSQL acceptance,19.1,0,retained log
G46,2026-09-21T11:54:13.138Z,supervision/final-classification-gate.log,Artifact acquisition tests,0.1,0,retained log
G46,2026-09-21T11:54:13.138Z,supervision/final-classification-gate.log,Delegation evidence checks,0.6,0,retained log
G46,2026-09-21T11:54:13.138Z,supervision/final-classification-gate.log,Backup collection tests,2.2,0,retained log
G46,2026-09-21T11:54:13.138Z,supervision/final-classification-gate.log,Workspace formatting,0.7,0,retained log
G46,2026-09-21T11:54:13.138Z,supervision/final-classification-gate.log,Default workspace Clippy,17.1,0,retained log
G46,2026-09-21T11:54:13.138Z,supervision/final-classification-gate.log,Feature workspace Clippy,6.5,0,retained log
G46,2026-09-21T11:54:13.138Z,supervision/final-classification-gate.log,Default workspace tests,143.7,0,retained log
G46,2026-09-21T11:54:13.138Z,supervision/final-classification-gate.log,Feature workspace tests,137.3,0,retained log
G46,2026-09-21T11:54:13.138Z,supervision/final-classification-gate.log,Rust 1.95 workspace check,25.2,0,retained log
G46,2026-09-21T11:54:13.138Z,supervision/final-classification-gate.log,Rust 1.94 Kev check,14.7,0,retained log
G46,2026-09-21T11:54:13.138Z,supervision/final-classification-gate.log,Dependency policy,1.1,0,retained log
G46,2026-09-21T11:54:13.138Z,supervision/final-classification-gate.log,PostgreSQL acceptance,53.3,0,retained log
