path,sha256,bytes,words,reviewers,coverage
docs/product/self-improving-codebases.md,f4dc864b64f2d5cec73864b23eeec06c3c6a2b9f006ce267552727be7f479641,14952,2302,learning;product;root;runtime,full read
docs/sales/README.md,79e6b9f4fc9b710a62c0a5b44a599f8e625d8d8491deb234e536dc302f28c1d4,65895,8842,product,full read
docs/sales/agent-sales-floor.md,040ec19b4559248f89532906c991670516b1b80507f6c2bd2988c96cf3e6cccf,77520,11150,product,full read
docs/sales/delivery-kit.json,203a3f4c693348e2cd4e5bd1d0ce10a7a8defc907a9ef8388bec57880255e5e9,10713,1062,product,full read
docs/sales/evidence.md,8cc2eb10190bb56c660a3bab9be19314991a42ec0dc9d305cdbe69a952d7e7a0,16444,2078,product,full read
docs/sales/install-qualification.json,329d895bded90243c95fb589017c8c98208bcc3ade9289e8d590bc0ea577ce2f,8626,527,product,full read
docs/sales/pilot-kit.json,bafe2d98b71ffa4cc0cf75d888c4a5f6a776b32b3abfac607c1a8c5ede537d16,10386,769,product,full read
docs/sales/revenue-handoff.md,1999a6b910b26475bb58f7c78fa6c9260b99eb59e60561db37332d74da040149,10801,1265,product,full read
docs/sales/revenue-roadmap.md,b9b924e7e849c7e597b1aaa7cd62f23ebc2f8aa04cd31e6c917ace495c67148b,79447,9670,product,full read
docs/sales/team-qualification.json,9c371db1128c9f006e088e64acb9c8c37eb6a34559a84a87acac5dcbae794d36,5954,374,product,full read
docs/audits/2026-10-10-codebase-health-audit/README.md,599adb127f6e2d349c0869066afd54ccfe465a2cb3ea547d81676fca9534f4a7,49087,5793,root,full read
docs/audits/2026-10-10-codebase-health-audit/action-register.md,0843ea42c948dd84bad89c4c495ed506b2ff2293aab8fa52ac55ece7a2736bcf,237656,28684,root,full index and expanded-section review
docs/audits/2026-10-10-codebase-health-audit/areas/agent-runtime-plugins.md,41b29db094248bc9ca58a1701226ebb175f27c2bb2b765a799685b76885f6cbd,34001,4222,runtime,full read
docs/audits/2026-10-10-codebase-health-audit/areas/cli-terminal.md,f8239ed0fda2d21ab9e6e101a1ffe008b33a736dd3530084b6e43e1d2ff38815,44901,5649,runtime,full read
docs/audits/2026-10-10-codebase-health-audit/areas/coder-environment-infra.md,cc895679c7c87d97febadd9452dddda39e2458f7482a628a02b5cfad7de4fe6b,37032,4559,runtime,full read
docs/audits/2026-10-10-codebase-health-audit/areas/coder-one.md,76877f8efd29c753e5c5336be60d0667c84a0a93f969c688b7e4968b937dd1d9,30928,3790,runtime,full read
docs/audits/2026-10-10-codebase-health-audit/areas/coder-orchestration.md,6648974a46951490312226a857a3f3f7c285cb947e4a9ff652e40f606c71b3df,37105,4288,runtime,full read
docs/audits/2026-10-10-codebase-health-audit/areas/coder-surfaces.md,74cedc6e1ce61900a482ad1170f060026f1f1d034b6df2ee356fabaaf39e5758,39649,4611,runtime,full read
docs/audits/2026-10-10-codebase-health-audit/areas/coder.md,385861465ae90d4652330db54832a6b308408c555b94b017cb68a5b29bc3ff38,35682,4604,runtime,full read
docs/audits/2026-10-10-codebase-health-audit/areas/decision-models.md,7744fdbd50faddd90baf2c55df955356ecb842284acfa220207e6c260b4ea133,36154,4849,learning,full read
docs/audits/2026-10-10-codebase-health-audit/areas/desktop-chat-apps.md,d22abeea6785b32d83cd9834f674cfcefdeabdcc9d0e841f65d4ab413ef9874a,37916,4532,product,full read
docs/audits/2026-10-10-codebase-health-audit/areas/gateway-inference.md,2c736ef3139903cd7e768010bf02b67f0847de0bb60440773f8f4d762ae17259,39770,4569,product,full read
docs/audits/2026-10-10-codebase-health-audit/areas/gym-eval-bench.md,73ecb2672ff795d21d605d57b008c9df4280d9038da138a3aebf9fd209993880,33044,3956,learning,full read
docs/audits/2026-10-10-codebase-health-audit/areas/misc-products.md,2a7d6214a6e6d74e8daad7179e304b4ba379c02937c9abf0cf20404a2e17564a,40725,5134,product,full read
docs/audits/2026-10-10-codebase-health-audit/areas/mobile.md,27c28ce333a8f3021fa2852ff26eed9549d8a61e10dacb848b1afedfdd840e96,36186,4575,product,full read
docs/audits/2026-10-10-codebase-health-audit/areas/nostr.md,157f9332f39213fb0f6016e131ed7d3c3d0b129f392ef8d9713b0fc956608500,42807,5375,runtime,full read
docs/audits/2026-10-10-codebase-health-audit/areas/payments-identity-tenancy.md,68f7546fc7f96e57aa97a90d38e92aa75692284ccc540dcf5aa73d81d5b2c4a6,47408,6187,product,full read
docs/audits/2026-10-10-codebase-health-audit/areas/psionic-backends-compiler.md,735ecb411d0c3e060fcd9c81b4bc94be6e61f787acc681a925196d9dbb099332,47700,6350,learning,full read
docs/audits/2026-10-10-codebase-health-audit/areas/psionic-eval-research-data.md,a5d52fcbb47826559c4c000182f57b6f30f26c76618e82664dd8d61599af44f1,32917,3985,learning,full read
docs/audits/2026-10-10-codebase-health-audit/areas/psionic-serve-runtime-models.md,4ae1de100356cb5669800f02b60628494a7e8b9c422891f32d2ce00b6a4e5e44,41046,5011,learning,full read
docs/audits/2026-10-10-codebase-health-audit/areas/psionic-train.md,d77a718eda4b72a9e65bc30965530d7ce1b5a9d549c1e269ac50502b648c007b,40543,4598,learning,full read
docs/audits/2026-10-10-codebase-health-audit/areas/scripts-deploy-repo-hygiene.md,e78d94a242ae1303c6b955e79e79fa309812ca8eeb11b7dbf14b3c7fe7b6cac9,38590,4835,runtime,full read
docs/audits/2026-10-10-codebase-health-audit/areas/verse-engine.md,3302daa885c93e8b568a65d333e8bedeb507620c0bbc42534e54ac2bca1fd29d,50447,6183,product,full read
docs/audits/2026-10-10-codebase-health-audit/areas/verse-world-zones.md,b81b80dc3498d77187b036c5af871546a7c769eea828c37ba7a2b4cde880154d,34404,4317,product,full read
docs/audits/2026-10-10-codebase-health-audit/areas/web-ui-native.md,8ef4ed0fb8d85916dc50aeeb152a43dd11f21692277e2b90a11faa1a0ea75601,37734,4678,product,full read
docs/audits/2026-10-10-codebase-health-audit/cross-cutting/dead-code-stale.md,4cb9f9955f9a02477719b60ef0f7f7af9c47a1b84a1f2d2843fde2ccf4f695a4,35021,4166,learning,full read
docs/audits/2026-10-10-codebase-health-audit/cross-cutting/dependencies.md,1f1aaeaf32d15c3e34416930868b9d39834e802ac4b0d3aaf8a0788d09911470,36968,4851,root,full read
docs/audits/2026-10-10-codebase-health-audit/cross-cutting/docs-drift.md,5430b86053b41ce600ceb5884a3f8ea01a4283467dbb9494fe380c2c081f3c3d,35871,4592,root,full read
docs/audits/2026-10-10-codebase-health-audit/cross-cutting/duplication-overlap.md,dab0c40950a3590ddd56e310f644c0a54297cdc4cfcc2696c61e62fa73031fbb,49418,5812,root,full read
docs/audits/2026-10-10-codebase-health-audit/cross-cutting/error-handling-panics.md,f63c39eba8c138ce1d88ce57a6e8df8779952df3c467e8c9ee1e4da161889a24,33156,4145,root,full read
docs/audits/2026-10-10-codebase-health-audit/cross-cutting/file-function-size.md,d6fcdfdc02f0edc68bdf548bc976378b30574126da82ef7645d4990bf4db3c36,45557,5215,root,full read
docs/audits/2026-10-10-codebase-health-audit/cross-cutting/lints-build-config.md,9d1f5afa7db5b2492bfeed69f36f9229143623672beae2ac1d4eea4cd6ae9bb6,36269,4486,root,full read
docs/audits/2026-10-10-codebase-health-audit/cross-cutting/security-smells.md,f30b832b21c18238cc0915c58bf0fe52541b0f804771436d5c7e03ef985c5263,33497,4110,root,full read
docs/audits/2026-10-10-codebase-health-audit/cross-cutting/semantic-routing-policy.md,421c1a2fa58981a1bf4bc652cc8ce687dbf06482540828b3c1e85cfd7d918d37,27997,3587,runtime,full read
docs/audits/2026-10-10-codebase-health-audit/cross-cutting/tests-ci-verification.md,b023b6cc5cac8c6b92a98002c84f99060b7e141f97f2d6136c158c3c3911e1bd,31596,3838,runtime,full read
docs/audits/2026-10-10-codebase-health-audit/cross-cutting/unsafe-async-concurrency.md,1ad49af54a0a63a5c09968d4cac3a18e32ffdf5dbfb2dd249a32916290ea931b,36785,4759,runtime,full read
docs/audits/2026-10-10-codebase-health-audit/remediation.md,b1dbf8b1e596c5012e376eda210f76e894d393d0add94bb2f1da3cbeac950fc1,3606,537,root;runtime,full read
docs/audits/2026-10-10-training-system-audit/README.md,cd08e6c659344d7bdc19fe25bb21e4933cc789c03cacf06176f82fb2d28ec740,44938,6081,learning,full read
docs/audits/2026-10-10-training-system-audit/roadmap.md,2882296dc7404e952678fde09d81602b87c348156c23f23302f0d72598788d31,25220,3665,learning,full read
